resultid,variableid,variablecode,variablenamecv
10906,39022,PFDoA,Perfluorododecanoic acid
46308,39022,PFDoA,Perfluorododecanoic acid
46530,39022,PFDoA,Perfluorododecanoic acid
46812,39022,PFDoA,Perfluorododecanoic acid
46113,39117,Perfluoroheptanoic acid,Perfluoroheptanoic acid
46125,39117,Perfluoroheptanoic acid,Perfluoroheptanoic acid
46128,39117,Perfluoroheptanoic acid,Perfluoroheptanoic acid
46133,39117,Perfluoroheptanoic acid,Perfluoroheptanoic acid
46140,39117,Perfluoroheptanoic acid,Perfluoroheptanoic acid
46155,39117,Perfluoroheptanoic acid,Perfluoroheptanoic acid
46167,39117,Perfluoroheptanoic acid,Perfluoroheptanoic acid
46175,39117,Perfluoroheptanoic acid,Perfluoroheptanoic acid
46183,39117,Perfluoroheptanoic acid,Perfluoroheptanoic acid
46193,39117,Perfluoroheptanoic acid,Perfluoroheptanoic acid
46200,39117,Perfluoroheptanoic acid,Perfluoroheptanoic acid
46206,39117,Perfluoroheptanoic acid,Perfluoroheptanoic acid
46212,39117,Perfluoroheptanoic acid,Perfluoroheptanoic acid
46229,39117,Perfluoroheptanoic acid,Perfluoroheptanoic acid
46254,39117,Perfluoroheptanoic acid,Perfluoroheptanoic acid
46272,39117,Perfluoroheptanoic acid,Perfluoroheptanoic acid
46282,39117,Perfluoroheptanoic acid,Perfluoroheptanoic acid
46288,39117,Perfluoroheptanoic acid,Perfluoroheptanoic acid
46292,39117,Perfluoroheptanoic acid,Perfluoroheptanoic acid
46298,39117,Perfluoroheptanoic acid,Perfluoroheptanoic acid
46314,39117,Perfluoroheptanoic acid,Perfluoroheptanoic acid
46321,39117,Perfluoroheptanoic acid,Perfluoroheptanoic acid
46327,39117,Perfluoroheptanoic acid,Perfluoroheptanoic acid
46335,39117,Perfluoroheptanoic acid,Perfluoroheptanoic acid
46338,39117,Perfluoroheptanoic acid,Perfluoroheptanoic acid
46346,39117,Perfluoroheptanoic acid,Perfluoroheptanoic acid
46361,39117,Perfluoroheptanoic acid,Perfluoroheptanoic acid
46365,39117,Perfluoroheptanoic acid,Perfluoroheptanoic acid
46379,39117,Perfluoroheptanoic acid,Perfluoroheptanoic acid
46384,39117,Perfluoroheptanoic acid,Perfluoroheptanoic acid
46393,39117,Perfluoroheptanoic acid,Perfluoroheptanoic acid
46405,39117,Perfluoroheptanoic acid,Perfluoroheptanoic acid
46407,39117,Perfluoroheptanoic acid,Perfluoroheptanoic acid
46410,39117,Perfluoroheptanoic acid,Perfluoroheptanoic acid
46415,39117,Perfluoroheptanoic acid,Perfluoroheptanoic acid
46426,39117,Perfluoroheptanoic acid,Perfluoroheptanoic acid
46441,39117,Perfluoroheptanoic acid,Perfluoroheptanoic acid
46460,39117,Perfluoroheptanoic acid,Perfluoroheptanoic acid
46464,39117,Perfluoroheptanoic acid,Perfluoroheptanoic acid
46471,39117,Perfluoroheptanoic acid,Perfluoroheptanoic acid
46481,39117,Perfluoroheptanoic acid,Perfluoroheptanoic acid
46484,39117,Perfluoroheptanoic acid,Perfluoroheptanoic acid
46489,39117,Perfluoroheptanoic acid,Perfluoroheptanoic acid
46510,39117,Perfluoroheptanoic acid,Perfluoroheptanoic acid
46516,39117,Perfluoroheptanoic acid,Perfluoroheptanoic acid
46521,39117,Perfluoroheptanoic acid,Perfluoroheptanoic acid
46535,39117,Perfluoroheptanoic acid,Perfluoroheptanoic acid
46564,39117,Perfluoroheptanoic acid,Perfluoroheptanoic acid
46587,39117,Perfluoroheptanoic acid,Perfluoroheptanoic acid
46589,39117,Perfluoroheptanoic acid,Perfluoroheptanoic acid
46594,39117,Perfluoroheptanoic acid,Perfluoroheptanoic acid
46598,39117,Perfluoroheptanoic acid,Perfluoroheptanoic acid
46606,39117,Perfluoroheptanoic acid,Perfluoroheptanoic acid
46620,39117,Perfluoroheptanoic acid,Perfluoroheptanoic acid
46623,39117,Perfluoroheptanoic acid,Perfluoroheptanoic acid
46629,39117,Perfluoroheptanoic acid,Perfluoroheptanoic acid
46642,39117,Perfluoroheptanoic acid,Perfluoroheptanoic acid
46650,39117,Perfluoroheptanoic acid,Perfluoroheptanoic acid
46653,39117,Perfluoroheptanoic acid,Perfluoroheptanoic acid
46668,39117,Perfluoroheptanoic acid,Perfluoroheptanoic acid
46680,39117,Perfluoroheptanoic acid,Perfluoroheptanoic acid
46689,39117,Perfluoroheptanoic acid,Perfluoroheptanoic acid
46700,39117,Perfluoroheptanoic acid,Perfluoroheptanoic acid
46705,39117,Perfluoroheptanoic acid,Perfluoroheptanoic acid
46710,39117,Perfluoroheptanoic acid,Perfluoroheptanoic acid
46717,39117,Perfluoroheptanoic acid,Perfluoroheptanoic acid
46731,39117,Perfluoroheptanoic acid,Perfluoroheptanoic acid
46742,39117,Perfluoroheptanoic acid,Perfluoroheptanoic acid
46747,39117,Perfluoroheptanoic acid,Perfluoroheptanoic acid
46753,39117,Perfluoroheptanoic acid,Perfluoroheptanoic acid
46756,39117,Perfluoroheptanoic acid,Perfluoroheptanoic acid
46777,39117,Perfluoroheptanoic acid,Perfluoroheptanoic acid
46784,39117,Perfluoroheptanoic acid,Perfluoroheptanoic acid
46789,39117,Perfluoroheptanoic acid,Perfluoroheptanoic acid
46811,39117,Perfluoroheptanoic acid,Perfluoroheptanoic acid
46818,39117,Perfluoroheptanoic acid,Perfluoroheptanoic acid
46832,39117,Perfluoroheptanoic acid,Perfluoroheptanoic acid
46844,39117,Perfluoroheptanoic acid,Perfluoroheptanoic acid
46850,39117,Perfluoroheptanoic acid,Perfluoroheptanoic acid
46853,39117,Perfluoroheptanoic acid,Perfluoroheptanoic acid
46861,39117,Perfluoroheptanoic acid,Perfluoroheptanoic acid
46868,39117,Perfluoroheptanoic acid,Perfluoroheptanoic acid
46879,39117,Perfluoroheptanoic acid,Perfluoroheptanoic acid
46896,39117,Perfluoroheptanoic acid,Perfluoroheptanoic acid
10911,41442,PFHpS,Lithium perfluoroheptanesulfonate
10913,41442,PFHpS,Lithium perfluoroheptanesulfonate
10909,45220,PFHpA,Ammonium perfluoroheptanoate
10198,53544,PFBA,Perfluorobutanoic acid
10221,53544,PFBA,Perfluorobutanoic acid
10244,53544,PFBA,Perfluorobutanoic acid
10267,53544,PFBA,Perfluorobutanoic acid
10290,53544,PFBA,Perfluorobutanoic acid
10313,53544,PFBA,Perfluorobutanoic acid
10336,53544,PFBA,Perfluorobutanoic acid
10359,53544,PFBA,Perfluorobutanoic acid
10382,53544,PFBA,Perfluorobutanoic acid
10405,53544,PFBA,Perfluorobutanoic acid
10428,53544,PFBA,Perfluorobutanoic acid
10451,53544,PFBA,Perfluorobutanoic acid
10474,53544,PFBA,Perfluorobutanoic acid
10497,53544,PFBA,Perfluorobutanoic acid
10520,53544,PFBA,Perfluorobutanoic acid
10543,53544,PFBA,Perfluorobutanoic acid
10566,53544,PFBA,Perfluorobutanoic acid
10589,53544,PFBA,Perfluorobutanoic acid
10612,53544,PFBA,Perfluorobutanoic acid
10635,53544,PFBA,Perfluorobutanoic acid
10658,53544,PFBA,Perfluorobutanoic acid
10681,53544,PFBA,Perfluorobutanoic acid
10704,53544,PFBA,Perfluorobutanoic acid
10727,53544,PFBA,Perfluorobutanoic acid
10750,53544,PFBA,Perfluorobutanoic acid
10773,53544,PFBA,Perfluorobutanoic acid
10796,53544,PFBA,Perfluorobutanoic acid
10819,53544,PFBA,Perfluorobutanoic acid
10842,53544,PFBA,Perfluorobutanoic acid
10888,53544,PFBA,Perfluorobutanoic acid
46093,53544,PFBA,Perfluorobutanoic acid
46111,53544,PFBA,Perfluorobutanoic acid
46115,53544,PFBA,Perfluorobutanoic acid
46129,53544,PFBA,Perfluorobutanoic acid
46148,53544,PFBA,Perfluorobutanoic acid
46152,53544,PFBA,Perfluorobutanoic acid
46154,53544,PFBA,Perfluorobutanoic acid
46172,53544,PFBA,Perfluorobutanoic acid
46181,53544,PFBA,Perfluorobutanoic acid
46186,53544,PFBA,Perfluorobutanoic acid
46205,53544,PFBA,Perfluorobutanoic acid
46208,53544,PFBA,Perfluorobutanoic acid
46225,53544,PFBA,Perfluorobutanoic acid
46237,53544,PFBA,Perfluorobutanoic acid
46253,53544,PFBA,Perfluorobutanoic acid
46255,53544,PFBA,Perfluorobutanoic acid
46263,53544,PFBA,Perfluorobutanoic acid
46270,53544,PFBA,Perfluorobutanoic acid
46286,53544,PFBA,Perfluorobutanoic acid
46290,53544,PFBA,Perfluorobutanoic acid
46302,53544,PFBA,Perfluorobutanoic acid
46303,53544,PFBA,Perfluorobutanoic acid
46316,53544,PFBA,Perfluorobutanoic acid
46325,53544,PFBA,Perfluorobutanoic acid
46332,53544,PFBA,Perfluorobutanoic acid
46348,53544,PFBA,Perfluorobutanoic acid
46357,53544,PFBA,Perfluorobutanoic acid
46359,53544,PFBA,Perfluorobutanoic acid
46367,53544,PFBA,Perfluorobutanoic acid
46387,53544,PFBA,Perfluorobutanoic acid
46392,53544,PFBA,Perfluorobutanoic acid
46400,53544,PFBA,Perfluorobutanoic acid
46416,53544,PFBA,Perfluorobutanoic acid
46419,53544,PFBA,Perfluorobutanoic acid
46429,53544,PFBA,Perfluorobutanoic acid
46439,53544,PFBA,Perfluorobutanoic acid
46449,53544,PFBA,Perfluorobutanoic acid
46450,53544,PFBA,Perfluorobutanoic acid
46457,53544,PFBA,Perfluorobutanoic acid
46463,53544,PFBA,Perfluorobutanoic acid
46469,53544,PFBA,Perfluorobutanoic acid
46478,53544,PFBA,Perfluorobutanoic acid
46493,53544,PFBA,Perfluorobutanoic acid
46498,53544,PFBA,Perfluorobutanoic acid
46506,53544,PFBA,Perfluorobutanoic acid
46514,53544,PFBA,Perfluorobutanoic acid
46522,53544,PFBA,Perfluorobutanoic acid
46525,53544,PFBA,Perfluorobutanoic acid
46542,53544,PFBA,Perfluorobutanoic acid
46563,53544,PFBA,Perfluorobutanoic acid
46570,53544,PFBA,Perfluorobutanoic acid
46579,53544,PFBA,Perfluorobutanoic acid
46586,53544,PFBA,Perfluorobutanoic acid
46590,53544,PFBA,Perfluorobutanoic acid
46596,53544,PFBA,Perfluorobutanoic acid
46611,53544,PFBA,Perfluorobutanoic acid
46616,53544,PFBA,Perfluorobutanoic acid
46625,53544,PFBA,Perfluorobutanoic acid
46633,53544,PFBA,Perfluorobutanoic acid
46640,53544,PFBA,Perfluorobutanoic acid
46652,53544,PFBA,Perfluorobutanoic acid
46658,53544,PFBA,Perfluorobutanoic acid
46660,53544,PFBA,Perfluorobutanoic acid
46667,53544,PFBA,Perfluorobutanoic acid
46678,53544,PFBA,Perfluorobutanoic acid
46692,53544,PFBA,Perfluorobutanoic acid
46698,53544,PFBA,Perfluorobutanoic acid
46712,53544,PFBA,Perfluorobutanoic acid
46715,53544,PFBA,Perfluorobutanoic acid
46722,53544,PFBA,Perfluorobutanoic acid
46741,53544,PFBA,Perfluorobutanoic acid
46750,53544,PFBA,Perfluorobutanoic acid
46761,53544,PFBA,Perfluorobutanoic acid
46773,53544,PFBA,Perfluorobutanoic acid
46779,53544,PFBA,Perfluorobutanoic acid
46786,53544,PFBA,Perfluorobutanoic acid
46792,53544,PFBA,Perfluorobutanoic acid
46802,53544,PFBA,Perfluorobutanoic acid
46814,53544,PFBA,Perfluorobutanoic acid
46822,53544,PFBA,Perfluorobutanoic acid
46825,53544,PFBA,Perfluorobutanoic acid
46830,53544,PFBA,Perfluorobutanoic acid
46842,53544,PFBA,Perfluorobutanoic acid
46846,53544,PFBA,Perfluorobutanoic acid
46862,53544,PFBA,Perfluorobutanoic acid
46865,53544,PFBA,Perfluorobutanoic acid
46875,53544,PFBA,Perfluorobutanoic acid
46892,53544,PFBA,Perfluorobutanoic acid
10211,53545,PFPeA,Perfluoropentanoic acid
10234,53545,PFPeA,Perfluoropentanoic acid
10257,53545,PFPeA,Perfluoropentanoic acid
10280,53545,PFPeA,Perfluoropentanoic acid
10303,53545,PFPeA,Perfluoropentanoic acid
10326,53545,PFPeA,Perfluoropentanoic acid
10349,53545,PFPeA,Perfluoropentanoic acid
10372,53545,PFPeA,Perfluoropentanoic acid
10395,53545,PFPeA,Perfluoropentanoic acid
10418,53545,PFPeA,Perfluoropentanoic acid
10441,53545,PFPeA,Perfluoropentanoic acid
10464,53545,PFPeA,Perfluoropentanoic acid
10487,53545,PFPeA,Perfluoropentanoic acid
10510,53545,PFPeA,Perfluoropentanoic acid
10533,53545,PFPeA,Perfluoropentanoic acid
10556,53545,PFPeA,Perfluoropentanoic acid
10579,53545,PFPeA,Perfluoropentanoic acid
10602,53545,PFPeA,Perfluoropentanoic acid
10625,53545,PFPeA,Perfluoropentanoic acid
10648,53545,PFPeA,Perfluoropentanoic acid
10671,53545,PFPeA,Perfluoropentanoic acid
10694,53545,PFPeA,Perfluoropentanoic acid
10717,53545,PFPeA,Perfluoropentanoic acid
10740,53545,PFPeA,Perfluoropentanoic acid
10763,53545,PFPeA,Perfluoropentanoic acid
10786,53545,PFPeA,Perfluoropentanoic acid
10809,53545,PFPeA,Perfluoropentanoic acid
10832,53545,PFPeA,Perfluoropentanoic acid
10855,53545,PFPeA,Perfluoropentanoic acid
10901,53545,PFPeA,Perfluoropentanoic acid
46112,53545,PFPeA,Perfluoropentanoic acid
46124,53545,PFPeA,Perfluoropentanoic acid
46131,53545,PFPeA,Perfluoropentanoic acid
46149,53545,PFPeA,Perfluoropentanoic acid
46156,53545,PFPeA,Perfluoropentanoic acid
46164,53545,PFPeA,Perfluoropentanoic acid
46173,53545,PFPeA,Perfluoropentanoic acid
46184,53545,PFPeA,Perfluoropentanoic acid
46190,53545,PFPeA,Perfluoropentanoic acid
46198,53545,PFPeA,Perfluoropentanoic acid
46217,53545,PFPeA,Perfluoropentanoic acid
46235,53545,PFPeA,Perfluoropentanoic acid
46243,53545,PFPeA,Perfluoropentanoic acid
46251,53545,PFPeA,Perfluoropentanoic acid
46266,53545,PFPeA,Perfluoropentanoic acid
46279,53545,PFPeA,Perfluoropentanoic acid
46304,53545,PFPeA,Perfluoropentanoic acid
46310,53545,PFPeA,Perfluoropentanoic acid
46323,53545,PFPeA,Perfluoropentanoic acid
46333,53545,PFPeA,Perfluoropentanoic acid
46341,53545,PFPeA,Perfluoropentanoic acid
46347,53545,PFPeA,Perfluoropentanoic acid
46363,53545,PFPeA,Perfluoropentanoic acid
46368,53545,PFPeA,Perfluoropentanoic acid
46371,53545,PFPeA,Perfluoropentanoic acid
46375,53545,PFPeA,Perfluoropentanoic acid
46385,53545,PFPeA,Perfluoropentanoic acid
46394,53545,PFPeA,Perfluoropentanoic acid
46409,53545,PFPeA,Perfluoropentanoic acid
46420,53545,PFPeA,Perfluoropentanoic acid
46427,53545,PFPeA,Perfluoropentanoic acid
46434,53545,PFPeA,Perfluoropentanoic acid
46444,53545,PFPeA,Perfluoropentanoic acid
46456,53545,PFPeA,Perfluoropentanoic acid
46462,53545,PFPeA,Perfluoropentanoic acid
46482,53545,PFPeA,Perfluoropentanoic acid
46492,53545,PFPeA,Perfluoropentanoic acid
46496,53545,PFPeA,Perfluoropentanoic acid
46505,53545,PFPeA,Perfluoropentanoic acid
46512,53545,PFPeA,Perfluoropentanoic acid
46519,53545,PFPeA,Perfluoropentanoic acid
46524,53545,PFPeA,Perfluoropentanoic acid
46541,53545,PFPeA,Perfluoropentanoic acid
46557,53545,PFPeA,Perfluoropentanoic acid
46574,53545,PFPeA,Perfluoropentanoic acid
46581,53545,PFPeA,Perfluoropentanoic acid
46588,53545,PFPeA,Perfluoropentanoic acid
46595,53545,PFPeA,Perfluoropentanoic acid
46597,53545,PFPeA,Perfluoropentanoic acid
46610,53545,PFPeA,Perfluoropentanoic acid
46615,53545,PFPeA,Perfluoropentanoic acid
46632,53545,PFPeA,Perfluoropentanoic acid
46634,53545,PFPeA,Perfluoropentanoic acid
46647,53545,PFPeA,Perfluoropentanoic acid
46657,53545,PFPeA,Perfluoropentanoic acid
46670,53545,PFPeA,Perfluoropentanoic acid
46677,53545,PFPeA,Perfluoropentanoic acid
46695,53545,PFPeA,Perfluoropentanoic acid
46702,53545,PFPeA,Perfluoropentanoic acid
46711,53545,PFPeA,Perfluoropentanoic acid
46729,53545,PFPeA,Perfluoropentanoic acid
46749,53545,PFPeA,Perfluoropentanoic acid
46764,53545,PFPeA,Perfluoropentanoic acid
46800,53545,PFPeA,Perfluoropentanoic acid
46801,53545,PFPeA,Perfluoropentanoic acid
46809,53545,PFPeA,Perfluoropentanoic acid
46819,53545,PFPeA,Perfluoropentanoic acid
46824,53545,PFPeA,Perfluoropentanoic acid
46833,53545,PFPeA,Perfluoropentanoic acid
46839,53545,PFPeA,Perfluoropentanoic acid
46848,53545,PFPeA,Perfluoropentanoic acid
46855,53545,PFPeA,Perfluoropentanoic acid
46866,53545,PFPeA,Perfluoropentanoic acid
46873,53545,PFPeA,Perfluoropentanoic acid
46888,53545,PFPeA,Perfluoropentanoic acid
10201,53546,PFHxA,Perfluorohexanoic acid
10224,53546,PFHxA,Perfluorohexanoic acid
10247,53546,PFHxA,Perfluorohexanoic acid
10270,53546,PFHxA,Perfluorohexanoic acid
10293,53546,PFHxA,Perfluorohexanoic acid
10316,53546,PFHxA,Perfluorohexanoic acid
10339,53546,PFHxA,Perfluorohexanoic acid
10362,53546,PFHxA,Perfluorohexanoic acid
10385,53546,PFHxA,Perfluorohexanoic acid
10408,53546,PFHxA,Perfluorohexanoic acid
10431,53546,PFHxA,Perfluorohexanoic acid
10454,53546,PFHxA,Perfluorohexanoic acid
10477,53546,PFHxA,Perfluorohexanoic acid
10500,53546,PFHxA,Perfluorohexanoic acid
10523,53546,PFHxA,Perfluorohexanoic acid
10546,53546,PFHxA,Perfluorohexanoic acid
10569,53546,PFHxA,Perfluorohexanoic acid
10592,53546,PFHxA,Perfluorohexanoic acid
10615,53546,PFHxA,Perfluorohexanoic acid
10638,53546,PFHxA,Perfluorohexanoic acid
10661,53546,PFHxA,Perfluorohexanoic acid
10684,53546,PFHxA,Perfluorohexanoic acid
10707,53546,PFHxA,Perfluorohexanoic acid
10730,53546,PFHxA,Perfluorohexanoic acid
10753,53546,PFHxA,Perfluorohexanoic acid
10776,53546,PFHxA,Perfluorohexanoic acid
10799,53546,PFHxA,Perfluorohexanoic acid
10822,53546,PFHxA,Perfluorohexanoic acid
10845,53546,PFHxA,Perfluorohexanoic acid
10891,53546,PFHxA,Perfluorohexanoic acid
46094,53546,PFHxA,Perfluorohexanoic acid
46096,53546,PFHxA,Perfluorohexanoic acid
46100,53546,PFHxA,Perfluorohexanoic acid
46126,53546,PFHxA,Perfluorohexanoic acid
46130,53546,PFHxA,Perfluorohexanoic acid
46161,53546,PFHxA,Perfluorohexanoic acid
46165,53546,PFHxA,Perfluorohexanoic acid
46170,53546,PFHxA,Perfluorohexanoic acid
46180,53546,PFHxA,Perfluorohexanoic acid
46189,53546,PFHxA,Perfluorohexanoic acid
46192,53546,PFHxA,Perfluorohexanoic acid
46199,53546,PFHxA,Perfluorohexanoic acid
46218,53546,PFHxA,Perfluorohexanoic acid
46230,53546,PFHxA,Perfluorohexanoic acid
46244,53546,PFHxA,Perfluorohexanoic acid
46249,53546,PFHxA,Perfluorohexanoic acid
46257,53546,PFHxA,Perfluorohexanoic acid
46267,53546,PFHxA,Perfluorohexanoic acid
46274,53546,PFHxA,Perfluorohexanoic acid
46289,53546,PFHxA,Perfluorohexanoic acid
46295,53546,PFHxA,Perfluorohexanoic acid
46329,53546,PFHxA,Perfluorohexanoic acid
46340,53546,PFHxA,Perfluorohexanoic acid
46349,53546,PFHxA,Perfluorohexanoic acid
46355,53546,PFHxA,Perfluorohexanoic acid
46362,53546,PFHxA,Perfluorohexanoic acid
46369,53546,PFHxA,Perfluorohexanoic acid
46376,53546,PFHxA,Perfluorohexanoic acid
46388,53546,PFHxA,Perfluorohexanoic acid
46395,53546,PFHxA,Perfluorohexanoic acid
46399,53546,PFHxA,Perfluorohexanoic acid
46408,53546,PFHxA,Perfluorohexanoic acid
46418,53546,PFHxA,Perfluorohexanoic acid
46436,53546,PFHxA,Perfluorohexanoic acid
46446,53546,PFHxA,Perfluorohexanoic acid
46452,53546,PFHxA,Perfluorohexanoic acid
46458,53546,PFHxA,Perfluorohexanoic acid
46465,53546,PFHxA,Perfluorohexanoic acid
46468,53546,PFHxA,Perfluorohexanoic acid
46476,53546,PFHxA,Perfluorohexanoic acid
46486,53546,PFHxA,Perfluorohexanoic acid
46494,53546,PFHxA,Perfluorohexanoic acid
46507,53546,PFHxA,Perfluorohexanoic acid
46517,53546,PFHxA,Perfluorohexanoic acid
46520,53546,PFHxA,Perfluorohexanoic acid
46523,53546,PFHxA,Perfluorohexanoic acid
46537,53546,PFHxA,Perfluorohexanoic acid
46561,53546,PFHxA,Perfluorohexanoic acid
46571,53546,PFHxA,Perfluorohexanoic acid
46578,53546,PFHxA,Perfluorohexanoic acid
46584,53546,PFHxA,Perfluorohexanoic acid
46592,53546,PFHxA,Perfluorohexanoic acid
46617,53546,PFHxA,Perfluorohexanoic acid
46621,53546,PFHxA,Perfluorohexanoic acid
46636,53546,PFHxA,Perfluorohexanoic acid
46651,53546,PFHxA,Perfluorohexanoic acid
46654,53546,PFHxA,Perfluorohexanoic acid
46659,53546,PFHxA,Perfluorohexanoic acid
46669,53546,PFHxA,Perfluorohexanoic acid
46687,53546,PFHxA,Perfluorohexanoic acid
46697,53546,PFHxA,Perfluorohexanoic acid
46709,53546,PFHxA,Perfluorohexanoic acid
46718,53546,PFHxA,Perfluorohexanoic acid
46736,53546,PFHxA,Perfluorohexanoic acid
46738,53546,PFHxA,Perfluorohexanoic acid
46751,53546,PFHxA,Perfluorohexanoic acid
46760,53546,PFHxA,Perfluorohexanoic acid
46804,53546,PFHxA,Perfluorohexanoic acid
46810,53546,PFHxA,Perfluorohexanoic acid
46815,53546,PFHxA,Perfluorohexanoic acid
46823,53546,PFHxA,Perfluorohexanoic acid
46834,53546,PFHxA,Perfluorohexanoic acid
46838,53546,PFHxA,Perfluorohexanoic acid
46847,53546,PFHxA,Perfluorohexanoic acid
46854,53546,PFHxA,Perfluorohexanoic acid
46858,53546,PFHxA,Perfluorohexanoic acid
46864,53546,PFHxA,Perfluorohexanoic acid
46878,53546,PFHxA,Perfluorohexanoic acid
46895,53546,PFHxA,Perfluorohexanoic acid
46905,53546,PFHxA,Perfluorohexanoic acid
10209,53547,PFOA,Perfluorooctanoic acid
10232,53547,PFOA,Perfluorooctanoic acid
10255,53547,PFOA,Perfluorooctanoic acid
10278,53547,PFOA,Perfluorooctanoic acid
10301,53547,PFOA,Perfluorooctanoic acid
10324,53547,PFOA,Perfluorooctanoic acid
10347,53547,PFOA,Perfluorooctanoic acid
10370,53547,PFOA,Perfluorooctanoic acid
10393,53547,PFOA,Perfluorooctanoic acid
10416,53547,PFOA,Perfluorooctanoic acid
10439,53547,PFOA,Perfluorooctanoic acid
10462,53547,PFOA,Perfluorooctanoic acid
10485,53547,PFOA,Perfluorooctanoic acid
10508,53547,PFOA,Perfluorooctanoic acid
10531,53547,PFOA,Perfluorooctanoic acid
10554,53547,PFOA,Perfluorooctanoic acid
10577,53547,PFOA,Perfluorooctanoic acid
10600,53547,PFOA,Perfluorooctanoic acid
10623,53547,PFOA,Perfluorooctanoic acid
10646,53547,PFOA,Perfluorooctanoic acid
10669,53547,PFOA,Perfluorooctanoic acid
10692,53547,PFOA,Perfluorooctanoic acid
10715,53547,PFOA,Perfluorooctanoic acid
10738,53547,PFOA,Perfluorooctanoic acid
10761,53547,PFOA,Perfluorooctanoic acid
10784,53547,PFOA,Perfluorooctanoic acid
10807,53547,PFOA,Perfluorooctanoic acid
10830,53547,PFOA,Perfluorooctanoic acid
10853,53547,PFOA,Perfluorooctanoic acid
10899,53547,PFOA,Perfluorooctanoic acid
10904,53547,PFOA,Perfluorooctanoic acid
10907,53547,PFOA,Perfluorooctanoic acid
10908,53547,PFOA,Perfluorooctanoic acid
10910,53547,PFOA,Perfluorooctanoic acid
46095,53547,PFOA,Perfluorooctanoic acid
46105,53547,PFOA,Perfluorooctanoic acid
46127,53547,PFOA,Perfluorooctanoic acid
46132,53547,PFOA,Perfluorooctanoic acid
46136,53547,PFOA,Perfluorooctanoic acid
46138,53547,PFOA,Perfluorooctanoic acid
46141,53547,PFOA,Perfluorooctanoic acid
46145,53547,PFOA,Perfluorooctanoic acid
46150,53547,PFOA,Perfluorooctanoic acid
46153,53547,PFOA,Perfluorooctanoic acid
46162,53547,PFOA,Perfluorooctanoic acid
46171,53547,PFOA,Perfluorooctanoic acid
46174,53547,PFOA,Perfluorooctanoic acid
46187,53547,PFOA,Perfluorooctanoic acid
46197,53547,PFOA,Perfluorooctanoic acid
46201,53547,PFOA,Perfluorooctanoic acid
46204,53547,PFOA,Perfluorooctanoic acid
46215,53547,PFOA,Perfluorooctanoic acid
46220,53547,PFOA,Perfluorooctanoic acid
46236,53547,PFOA,Perfluorooctanoic acid
46238,53547,PFOA,Perfluorooctanoic acid
46246,53547,PFOA,Perfluorooctanoic acid
46252,53547,PFOA,Perfluorooctanoic acid
46260,53547,PFOA,Perfluorooctanoic acid
46271,53547,PFOA,Perfluorooctanoic acid
46275,53547,PFOA,Perfluorooctanoic acid
46283,53547,PFOA,Perfluorooctanoic acid
46285,53547,PFOA,Perfluorooctanoic acid
46291,53547,PFOA,Perfluorooctanoic acid
46294,53547,PFOA,Perfluorooctanoic acid
46296,53547,PFOA,Perfluorooctanoic acid
46299,53547,PFOA,Perfluorooctanoic acid
46300,53547,PFOA,Perfluorooctanoic acid
46320,53547,PFOA,Perfluorooctanoic acid
46330,53547,PFOA,Perfluorooctanoic acid
46345,53547,PFOA,Perfluorooctanoic acid
46354,53547,PFOA,Perfluorooctanoic acid
46356,53547,PFOA,Perfluorooctanoic acid
46366,53547,PFOA,Perfluorooctanoic acid
46397,53547,PFOA,Perfluorooctanoic acid
46398,53547,PFOA,Perfluorooctanoic acid
46403,53547,PFOA,Perfluorooctanoic acid
46404,53547,PFOA,Perfluorooctanoic acid
46412,53547,PFOA,Perfluorooctanoic acid
46421,53547,PFOA,Perfluorooctanoic acid
46425,53547,PFOA,Perfluorooctanoic acid
46431,53547,PFOA,Perfluorooctanoic acid
46433,53547,PFOA,Perfluorooctanoic acid
46440,53547,PFOA,Perfluorooctanoic acid
46445,53547,PFOA,Perfluorooctanoic acid
46453,53547,PFOA,Perfluorooctanoic acid
46461,53547,PFOA,Perfluorooctanoic acid
46466,53547,PFOA,Perfluorooctanoic acid
46472,53547,PFOA,Perfluorooctanoic acid
46480,53547,PFOA,Perfluorooctanoic acid
46488,53547,PFOA,Perfluorooctanoic acid
46497,53547,PFOA,Perfluorooctanoic acid
46509,53547,PFOA,Perfluorooctanoic acid
46515,53547,PFOA,Perfluorooctanoic acid
46539,53547,PFOA,Perfluorooctanoic acid
46549,53547,PFOA,Perfluorooctanoic acid
46553,53547,PFOA,Perfluorooctanoic acid
46575,53547,PFOA,Perfluorooctanoic acid
46577,53547,PFOA,Perfluorooctanoic acid
46583,53547,PFOA,Perfluorooctanoic acid
46593,53547,PFOA,Perfluorooctanoic acid
46607,53547,PFOA,Perfluorooctanoic acid
46612,53547,PFOA,Perfluorooctanoic acid
46626,53547,PFOA,Perfluorooctanoic acid
46631,53547,PFOA,Perfluorooctanoic acid
46638,53547,PFOA,Perfluorooctanoic acid
46644,53547,PFOA,Perfluorooctanoic acid
46649,53547,PFOA,Perfluorooctanoic acid
46656,53547,PFOA,Perfluorooctanoic acid
46663,53547,PFOA,Perfluorooctanoic acid
46673,53547,PFOA,Perfluorooctanoic acid
46679,53547,PFOA,Perfluorooctanoic acid
46691,53547,PFOA,Perfluorooctanoic acid
46696,53547,PFOA,Perfluorooctanoic acid
46699,53547,PFOA,Perfluorooctanoic acid
46706,53547,PFOA,Perfluorooctanoic acid
46707,53547,PFOA,Perfluorooctanoic acid
46714,53547,PFOA,Perfluorooctanoic acid
46725,53547,PFOA,Perfluorooctanoic acid
46740,53547,PFOA,Perfluorooctanoic acid
46748,53547,PFOA,Perfluorooctanoic acid
46755,53547,PFOA,Perfluorooctanoic acid
46765,53547,PFOA,Perfluorooctanoic acid
46766,53547,PFOA,Perfluorooctanoic acid
46771,53547,PFOA,Perfluorooctanoic acid
46782,53547,PFOA,Perfluorooctanoic acid
46791,53547,PFOA,Perfluorooctanoic acid
46805,53547,PFOA,Perfluorooctanoic acid
46808,53547,PFOA,Perfluorooctanoic acid
46817,53547,PFOA,Perfluorooctanoic acid
46821,53547,PFOA,Perfluorooctanoic acid
46827,53547,PFOA,Perfluorooctanoic acid
46836,53547,PFOA,Perfluorooctanoic acid
46840,53547,PFOA,Perfluorooctanoic acid
46852,53547,PFOA,Perfluorooctanoic acid
46860,53547,PFOA,Perfluorooctanoic acid
46870,53547,PFOA,Perfluorooctanoic acid
46871,53547,PFOA,Perfluorooctanoic acid
46880,53547,PFOA,Perfluorooctanoic acid
46882,53547,PFOA,Perfluorooctanoic acid
46897,53547,PFOA,Perfluorooctanoic acid
46906,53547,PFOA,Perfluorooctanoic acid
10204,53548,PFNA,Perfluorononanoic acid
10227,53548,PFNA,Perfluorononanoic acid
10250,53548,PFNA,Perfluorononanoic acid
10273,53548,PFNA,Perfluorononanoic acid
10296,53548,PFNA,Perfluorononanoic acid
10319,53548,PFNA,Perfluorononanoic acid
10342,53548,PFNA,Perfluorononanoic acid
10365,53548,PFNA,Perfluorononanoic acid
10388,53548,PFNA,Perfluorononanoic acid
10411,53548,PFNA,Perfluorononanoic acid
10434,53548,PFNA,Perfluorononanoic acid
10457,53548,PFNA,Perfluorononanoic acid
10480,53548,PFNA,Perfluorononanoic acid
10503,53548,PFNA,Perfluorononanoic acid
10526,53548,PFNA,Perfluorononanoic acid
10549,53548,PFNA,Perfluorononanoic acid
10572,53548,PFNA,Perfluorononanoic acid
10595,53548,PFNA,Perfluorononanoic acid
10618,53548,PFNA,Perfluorononanoic acid
10641,53548,PFNA,Perfluorononanoic acid
10664,53548,PFNA,Perfluorononanoic acid
10687,53548,PFNA,Perfluorononanoic acid
10710,53548,PFNA,Perfluorononanoic acid
10733,53548,PFNA,Perfluorononanoic acid
10756,53548,PFNA,Perfluorononanoic acid
10779,53548,PFNA,Perfluorononanoic acid
10802,53548,PFNA,Perfluorononanoic acid
10825,53548,PFNA,Perfluorononanoic acid
10848,53548,PFNA,Perfluorononanoic acid
10894,53548,PFNA,Perfluorononanoic acid
46119,53548,PFNA,Perfluorononanoic acid
46157,53548,PFNA,Perfluorononanoic acid
46239,53548,PFNA,Perfluorononanoic acid
46280,53548,PFNA,Perfluorononanoic acid
46442,53548,PFNA,Perfluorononanoic acid
46529,53548,PFNA,Perfluorononanoic acid
46806,53548,PFNA,Perfluorononanoic acid
46837,53548,PFNA,Perfluorononanoic acid
10200,53549,PFDA,Perfluorodecanoic acid
10223,53549,PFDA,Perfluorodecanoic acid
10246,53549,PFDA,Perfluorodecanoic acid
10269,53549,PFDA,Perfluorodecanoic acid
10292,53549,PFDA,Perfluorodecanoic acid
10315,53549,PFDA,Perfluorodecanoic acid
10338,53549,PFDA,Perfluorodecanoic acid
10361,53549,PFDA,Perfluorodecanoic acid
10384,53549,PFDA,Perfluorodecanoic acid
10407,53549,PFDA,Perfluorodecanoic acid
10430,53549,PFDA,Perfluorodecanoic acid
10453,53549,PFDA,Perfluorodecanoic acid
10476,53549,PFDA,Perfluorodecanoic acid
10499,53549,PFDA,Perfluorodecanoic acid
10522,53549,PFDA,Perfluorodecanoic acid
10545,53549,PFDA,Perfluorodecanoic acid
10568,53549,PFDA,Perfluorodecanoic acid
10591,53549,PFDA,Perfluorodecanoic acid
10614,53549,PFDA,Perfluorodecanoic acid
10637,53549,PFDA,Perfluorodecanoic acid
10660,53549,PFDA,Perfluorodecanoic acid
10683,53549,PFDA,Perfluorodecanoic acid
10706,53549,PFDA,Perfluorodecanoic acid
10729,53549,PFDA,Perfluorodecanoic acid
10752,53549,PFDA,Perfluorodecanoic acid
10775,53549,PFDA,Perfluorodecanoic acid
10798,53549,PFDA,Perfluorodecanoic acid
10821,53549,PFDA,Perfluorodecanoic acid
10844,53549,PFDA,Perfluorodecanoic acid
10890,53549,PFDA,Perfluorodecanoic acid
46117,53549,PFDA,Perfluorodecanoic acid
46250,53549,PFDA,Perfluorodecanoic acid
46268,53549,PFDA,Perfluorodecanoic acid
46374,53549,PFDA,Perfluorodecanoic acid
46389,53549,PFDA,Perfluorodecanoic acid
46732,53549,PFDA,Perfluorodecanoic acid
46776,53549,PFDA,Perfluorodecanoic acid
46857,53549,PFDA,Perfluorodecanoic acid
46872,53549,PFDA,Perfluorodecanoic acid
46887,53549,PFDA,Perfluorodecanoic acid
10199,53550,PFBS,Perfluorobutanesulfonic acid
10222,53550,PFBS,Perfluorobutanesulfonic acid
10245,53550,PFBS,Perfluorobutanesulfonic acid
10268,53550,PFBS,Perfluorobutanesulfonic acid
10291,53550,PFBS,Perfluorobutanesulfonic acid
10314,53550,PFBS,Perfluorobutanesulfonic acid
10337,53550,PFBS,Perfluorobutanesulfonic acid
10360,53550,PFBS,Perfluorobutanesulfonic acid
10383,53550,PFBS,Perfluorobutanesulfonic acid
10406,53550,PFBS,Perfluorobutanesulfonic acid
10429,53550,PFBS,Perfluorobutanesulfonic acid
10452,53550,PFBS,Perfluorobutanesulfonic acid
10475,53550,PFBS,Perfluorobutanesulfonic acid
10498,53550,PFBS,Perfluorobutanesulfonic acid
10521,53550,PFBS,Perfluorobutanesulfonic acid
10544,53550,PFBS,Perfluorobutanesulfonic acid
10567,53550,PFBS,Perfluorobutanesulfonic acid
10590,53550,PFBS,Perfluorobutanesulfonic acid
10613,53550,PFBS,Perfluorobutanesulfonic acid
10636,53550,PFBS,Perfluorobutanesulfonic acid
10659,53550,PFBS,Perfluorobutanesulfonic acid
10682,53550,PFBS,Perfluorobutanesulfonic acid
10705,53550,PFBS,Perfluorobutanesulfonic acid
10728,53550,PFBS,Perfluorobutanesulfonic acid
10751,53550,PFBS,Perfluorobutanesulfonic acid
10774,53550,PFBS,Perfluorobutanesulfonic acid
10797,53550,PFBS,Perfluorobutanesulfonic acid
10820,53550,PFBS,Perfluorobutanesulfonic acid
10843,53550,PFBS,Perfluorobutanesulfonic acid
10889,53550,PFBS,Perfluorobutanesulfonic acid
46092,53550,PFBS,Perfluorobutanesulfonic acid
46146,53550,PFBS,Perfluorobutanesulfonic acid
46151,53550,PFBS,Perfluorobutanesulfonic acid
46160,53550,PFBS,Perfluorobutanesulfonic acid
46169,53550,PFBS,Perfluorobutanesulfonic acid
46191,53550,PFBS,Perfluorobutanesulfonic acid
46195,53550,PFBS,Perfluorobutanesulfonic acid
46214,53550,PFBS,Perfluorobutanesulfonic acid
46241,53550,PFBS,Perfluorobutanesulfonic acid
46248,53550,PFBS,Perfluorobutanesulfonic acid
46259,53550,PFBS,Perfluorobutanesulfonic acid
46265,53550,PFBS,Perfluorobutanesulfonic acid
46278,53550,PFBS,Perfluorobutanesulfonic acid
46315,53550,PFBS,Perfluorobutanesulfonic acid
46322,53550,PFBS,Perfluorobutanesulfonic acid
46324,53550,PFBS,Perfluorobutanesulfonic acid
46342,53550,PFBS,Perfluorobutanesulfonic acid
46353,53550,PFBS,Perfluorobutanesulfonic acid
46358,53550,PFBS,Perfluorobutanesulfonic acid
46386,53550,PFBS,Perfluorobutanesulfonic acid
46391,53550,PFBS,Perfluorobutanesulfonic acid
46422,53550,PFBS,Perfluorobutanesulfonic acid
46432,53550,PFBS,Perfluorobutanesulfonic acid
46438,53550,PFBS,Perfluorobutanesulfonic acid
46451,53550,PFBS,Perfluorobutanesulfonic acid
46483,53550,PFBS,Perfluorobutanesulfonic acid
46485,53550,PFBS,Perfluorobutanesulfonic acid
46491,53550,PFBS,Perfluorobutanesulfonic acid
46508,53550,PFBS,Perfluorobutanesulfonic acid
46550,53550,PFBS,Perfluorobutanesulfonic acid
46569,53550,PFBS,Perfluorobutanesulfonic acid
46573,53550,PFBS,Perfluorobutanesulfonic acid
46576,53550,PFBS,Perfluorobutanesulfonic acid
46582,53550,PFBS,Perfluorobutanesulfonic acid
46624,53550,PFBS,Perfluorobutanesulfonic acid
46661,53550,PFBS,Perfluorobutanesulfonic acid
46666,53550,PFBS,Perfluorobutanesulfonic acid
46676,53550,PFBS,Perfluorobutanesulfonic acid
46713,53550,PFBS,Perfluorobutanesulfonic acid
46720,53550,PFBS,Perfluorobutanesulfonic acid
46734,53550,PFBS,Perfluorobutanesulfonic acid
46774,53550,PFBS,Perfluorobutanesulfonic acid
46781,53550,PFBS,Perfluorobutanesulfonic acid
46799,53550,PFBS,Perfluorobutanesulfonic acid
46803,53550,PFBS,Perfluorobutanesulfonic acid
46816,53550,PFBS,Perfluorobutanesulfonic acid
46826,53550,PFBS,Perfluorobutanesulfonic acid
46829,53550,PFBS,Perfluorobutanesulfonic acid
46845,53550,PFBS,Perfluorobutanesulfonic acid
46867,53550,PFBS,Perfluorobutanesulfonic acid
46883,53550,PFBS,Perfluorobutanesulfonic acid
46890,53550,PFBS,Perfluorobutanesulfonic acid
10202,53551,PFHxS,Perfluorohexanesulfonate
10225,53551,PFHxS,Perfluorohexanesulfonate
10248,53551,PFHxS,Perfluorohexanesulfonate
10271,53551,PFHxS,Perfluorohexanesulfonate
10294,53551,PFHxS,Perfluorohexanesulfonate
10317,53551,PFHxS,Perfluorohexanesulfonate
10340,53551,PFHxS,Perfluorohexanesulfonate
10363,53551,PFHxS,Perfluorohexanesulfonate
10386,53551,PFHxS,Perfluorohexanesulfonate
10409,53551,PFHxS,Perfluorohexanesulfonate
10432,53551,PFHxS,Perfluorohexanesulfonate
10455,53551,PFHxS,Perfluorohexanesulfonate
10478,53551,PFHxS,Perfluorohexanesulfonate
10501,53551,PFHxS,Perfluorohexanesulfonate
10524,53551,PFHxS,Perfluorohexanesulfonate
10547,53551,PFHxS,Perfluorohexanesulfonate
10570,53551,PFHxS,Perfluorohexanesulfonate
10593,53551,PFHxS,Perfluorohexanesulfonate
10616,53551,PFHxS,Perfluorohexanesulfonate
10639,53551,PFHxS,Perfluorohexanesulfonate
10662,53551,PFHxS,Perfluorohexanesulfonate
10685,53551,PFHxS,Perfluorohexanesulfonate
10708,53551,PFHxS,Perfluorohexanesulfonate
10731,53551,PFHxS,Perfluorohexanesulfonate
10754,53551,PFHxS,Perfluorohexanesulfonate
10777,53551,PFHxS,Perfluorohexanesulfonate
10800,53551,PFHxS,Perfluorohexanesulfonate
10823,53551,PFHxS,Perfluorohexanesulfonate
10846,53551,PFHxS,Perfluorohexanesulfonate
10892,53551,PFHxS,Perfluorohexanesulfonate
10210,53552,PFOS,Perfluorooctanesulfonic acid
10233,53552,PFOS,Perfluorooctanesulfonic acid
10256,53552,PFOS,Perfluorooctanesulfonic acid
10279,53552,PFOS,Perfluorooctanesulfonic acid
10302,53552,PFOS,Perfluorooctanesulfonic acid
10325,53552,PFOS,Perfluorooctanesulfonic acid
10348,53552,PFOS,Perfluorooctanesulfonic acid
10371,53552,PFOS,Perfluorooctanesulfonic acid
10394,53552,PFOS,Perfluorooctanesulfonic acid
10417,53552,PFOS,Perfluorooctanesulfonic acid
10440,53552,PFOS,Perfluorooctanesulfonic acid
10463,53552,PFOS,Perfluorooctanesulfonic acid
10486,53552,PFOS,Perfluorooctanesulfonic acid
10509,53552,PFOS,Perfluorooctanesulfonic acid
10532,53552,PFOS,Perfluorooctanesulfonic acid
10555,53552,PFOS,Perfluorooctanesulfonic acid
10578,53552,PFOS,Perfluorooctanesulfonic acid
10601,53552,PFOS,Perfluorooctanesulfonic acid
10624,53552,PFOS,Perfluorooctanesulfonic acid
10647,53552,PFOS,Perfluorooctanesulfonic acid
10670,53552,PFOS,Perfluorooctanesulfonic acid
10693,53552,PFOS,Perfluorooctanesulfonic acid
10716,53552,PFOS,Perfluorooctanesulfonic acid
10739,53552,PFOS,Perfluorooctanesulfonic acid
10762,53552,PFOS,Perfluorooctanesulfonic acid
10785,53552,PFOS,Perfluorooctanesulfonic acid
10808,53552,PFOS,Perfluorooctanesulfonic acid
10831,53552,PFOS,Perfluorooctanesulfonic acid
10854,53552,PFOS,Perfluorooctanesulfonic acid
10900,53552,PFOS,Perfluorooctanesulfonic acid
10903,53552,PFOS,Perfluorooctanesulfonic acid
10905,53552,PFOS,Perfluorooctanesulfonic acid
10912,53552,PFOS,Perfluorooctanesulfonic acid
10914,53552,PFOS,Perfluorooctanesulfonic acid
10916,53552,PFOS,Perfluorooctanesulfonic acid
10917,53552,PFOS,Perfluorooctanesulfonic acid
10918,53552,PFOS,Perfluorooctanesulfonic acid
46097,53552,PFOS,Perfluorooctanesulfonic acid
46121,53552,PFOS,Perfluorooctanesulfonic acid
46137,53552,PFOS,Perfluorooctanesulfonic acid
46139,53552,PFOS,Perfluorooctanesulfonic acid
46144,53552,PFOS,Perfluorooctanesulfonic acid
46158,53552,PFOS,Perfluorooctanesulfonic acid
46163,53552,PFOS,Perfluorooctanesulfonic acid
46168,53552,PFOS,Perfluorooctanesulfonic acid
46176,53552,PFOS,Perfluorooctanesulfonic acid
46194,53552,PFOS,Perfluorooctanesulfonic acid
46202,53552,PFOS,Perfluorooctanesulfonic acid
46203,53552,PFOS,Perfluorooctanesulfonic acid
46211,53552,PFOS,Perfluorooctanesulfonic acid
46234,53552,PFOS,Perfluorooctanesulfonic acid
46240,53552,PFOS,Perfluorooctanesulfonic acid
46242,53552,PFOS,Perfluorooctanesulfonic acid
46245,53552,PFOS,Perfluorooctanesulfonic acid
46258,53552,PFOS,Perfluorooctanesulfonic acid
46261,53552,PFOS,Perfluorooctanesulfonic acid
46273,53552,PFOS,Perfluorooctanesulfonic acid
46277,53552,PFOS,Perfluorooctanesulfonic acid
46281,53552,PFOS,Perfluorooctanesulfonic acid
46284,53552,PFOS,Perfluorooctanesulfonic acid
46293,53552,PFOS,Perfluorooctanesulfonic acid
46297,53552,PFOS,Perfluorooctanesulfonic acid
46331,53552,PFOS,Perfluorooctanesulfonic acid
46343,53552,PFOS,Perfluorooctanesulfonic acid
46352,53552,PFOS,Perfluorooctanesulfonic acid
46360,53552,PFOS,Perfluorooctanesulfonic acid
46364,53552,PFOS,Perfluorooctanesulfonic acid
46370,53552,PFOS,Perfluorooctanesulfonic acid
46372,53552,PFOS,Perfluorooctanesulfonic acid
46383,53552,PFOS,Perfluorooctanesulfonic acid
46396,53552,PFOS,Perfluorooctanesulfonic acid
46401,53552,PFOS,Perfluorooctanesulfonic acid
46402,53552,PFOS,Perfluorooctanesulfonic acid
46406,53552,PFOS,Perfluorooctanesulfonic acid
46424,53552,PFOS,Perfluorooctanesulfonic acid
46428,53552,PFOS,Perfluorooctanesulfonic acid
46435,53552,PFOS,Perfluorooctanesulfonic acid
46437,53552,PFOS,Perfluorooctanesulfonic acid
46447,53552,PFOS,Perfluorooctanesulfonic acid
46454,53552,PFOS,Perfluorooctanesulfonic acid
46459,53552,PFOS,Perfluorooctanesulfonic acid
46467,53552,PFOS,Perfluorooctanesulfonic acid
46473,53552,PFOS,Perfluorooctanesulfonic acid
46475,53552,PFOS,Perfluorooctanesulfonic acid
46487,53552,PFOS,Perfluorooctanesulfonic acid
46495,53552,PFOS,Perfluorooctanesulfonic acid
46499,53552,PFOS,Perfluorooctanesulfonic acid
46513,53552,PFOS,Perfluorooctanesulfonic acid
46526,53552,PFOS,Perfluorooctanesulfonic acid
46547,53552,PFOS,Perfluorooctanesulfonic acid
46559,53552,PFOS,Perfluorooctanesulfonic acid
46572,53552,PFOS,Perfluorooctanesulfonic acid
46580,53552,PFOS,Perfluorooctanesulfonic acid
46585,53552,PFOS,Perfluorooctanesulfonic acid
46591,53552,PFOS,Perfluorooctanesulfonic acid
46600,53552,PFOS,Perfluorooctanesulfonic acid
46608,53552,PFOS,Perfluorooctanesulfonic acid
46613,53552,PFOS,Perfluorooctanesulfonic acid
46622,53552,PFOS,Perfluorooctanesulfonic acid
46627,53552,PFOS,Perfluorooctanesulfonic acid
46635,53552,PFOS,Perfluorooctanesulfonic acid
46645,53552,PFOS,Perfluorooctanesulfonic acid
46646,53552,PFOS,Perfluorooctanesulfonic acid
46655,53552,PFOS,Perfluorooctanesulfonic acid
46662,53552,PFOS,Perfluorooctanesulfonic acid
46672,53552,PFOS,Perfluorooctanesulfonic acid
46675,53552,PFOS,Perfluorooctanesulfonic acid
46682,53552,PFOS,Perfluorooctanesulfonic acid
46704,53552,PFOS,Perfluorooctanesulfonic acid
46719,53552,PFOS,Perfluorooctanesulfonic acid
46733,53552,PFOS,Perfluorooctanesulfonic acid
46743,53552,PFOS,Perfluorooctanesulfonic acid
46752,53552,PFOS,Perfluorooctanesulfonic acid
46754,53552,PFOS,Perfluorooctanesulfonic acid
46762,53552,PFOS,Perfluorooctanesulfonic acid
46770,53552,PFOS,Perfluorooctanesulfonic acid
46785,53552,PFOS,Perfluorooctanesulfonic acid
46788,53552,PFOS,Perfluorooctanesulfonic acid
46820,53552,PFOS,Perfluorooctanesulfonic acid
46831,53552,PFOS,Perfluorooctanesulfonic acid
46843,53552,PFOS,Perfluorooctanesulfonic acid
46851,53552,PFOS,Perfluorooctanesulfonic acid
46856,53552,PFOS,Perfluorooctanesulfonic acid
46863,53552,PFOS,Perfluorooctanesulfonic acid
46874,53552,PFOS,Perfluorooctanesulfonic acid
46886,53552,PFOS,Perfluorooctanesulfonic acid
46901,53552,PFOS,Perfluorooctanesulfonic acid
10190,53553,6:2FTS,6:2 Fluorotelomer sulfonate
10213,53553,6:2FTS,6:2 Fluorotelomer sulfonate
10236,53553,6:2FTS,6:2 Fluorotelomer sulfonate
10259,53553,6:2FTS,6:2 Fluorotelomer sulfonate
10282,53553,6:2FTS,6:2 Fluorotelomer sulfonate
10305,53553,6:2FTS,6:2 Fluorotelomer sulfonate
10328,53553,6:2FTS,6:2 Fluorotelomer sulfonate
10351,53553,6:2FTS,6:2 Fluorotelomer sulfonate
10374,53553,6:2FTS,6:2 Fluorotelomer sulfonate
10397,53553,6:2FTS,6:2 Fluorotelomer sulfonate
10420,53553,6:2FTS,6:2 Fluorotelomer sulfonate
10443,53553,6:2FTS,6:2 Fluorotelomer sulfonate
10466,53553,6:2FTS,6:2 Fluorotelomer sulfonate
10489,53553,6:2FTS,6:2 Fluorotelomer sulfonate
10512,53553,6:2FTS,6:2 Fluorotelomer sulfonate
10535,53553,6:2FTS,6:2 Fluorotelomer sulfonate
10558,53553,6:2FTS,6:2 Fluorotelomer sulfonate
10581,53553,6:2FTS,6:2 Fluorotelomer sulfonate
10604,53553,6:2FTS,6:2 Fluorotelomer sulfonate
10627,53553,6:2FTS,6:2 Fluorotelomer sulfonate
10650,53553,6:2FTS,6:2 Fluorotelomer sulfonate
10673,53553,6:2FTS,6:2 Fluorotelomer sulfonate
10696,53553,6:2FTS,6:2 Fluorotelomer sulfonate
10719,53553,6:2FTS,6:2 Fluorotelomer sulfonate
10742,53553,6:2FTS,6:2 Fluorotelomer sulfonate
10765,53553,6:2FTS,6:2 Fluorotelomer sulfonate
10788,53553,6:2FTS,6:2 Fluorotelomer sulfonate
10811,53553,6:2FTS,6:2 Fluorotelomer sulfonate
10834,53553,6:2FTS,6:2 Fluorotelomer sulfonate
10880,53553,6:2FTS,6:2 Fluorotelomer sulfonate
10196,53554,NVHOS,"1,1,2,2-tetrafluoro-2-(1,2,2,2-tetrafluoro-ethoxy)ethane sulfonic acid"
10219,53554,NVHOS,"1,1,2,2-tetrafluoro-2-(1,2,2,2-tetrafluoro-ethoxy)ethane sulfonic acid"
10242,53554,NVHOS,"1,1,2,2-tetrafluoro-2-(1,2,2,2-tetrafluoro-ethoxy)ethane sulfonic acid"
10265,53554,NVHOS,"1,1,2,2-tetrafluoro-2-(1,2,2,2-tetrafluoro-ethoxy)ethane sulfonic acid"
10288,53554,NVHOS,"1,1,2,2-tetrafluoro-2-(1,2,2,2-tetrafluoro-ethoxy)ethane sulfonic acid"
10311,53554,NVHOS,"1,1,2,2-tetrafluoro-2-(1,2,2,2-tetrafluoro-ethoxy)ethane sulfonic acid"
10334,53554,NVHOS,"1,1,2,2-tetrafluoro-2-(1,2,2,2-tetrafluoro-ethoxy)ethane sulfonic acid"
10357,53554,NVHOS,"1,1,2,2-tetrafluoro-2-(1,2,2,2-tetrafluoro-ethoxy)ethane sulfonic acid"
10380,53554,NVHOS,"1,1,2,2-tetrafluoro-2-(1,2,2,2-tetrafluoro-ethoxy)ethane sulfonic acid"
10403,53554,NVHOS,"1,1,2,2-tetrafluoro-2-(1,2,2,2-tetrafluoro-ethoxy)ethane sulfonic acid"
10426,53554,NVHOS,"1,1,2,2-tetrafluoro-2-(1,2,2,2-tetrafluoro-ethoxy)ethane sulfonic acid"
10449,53554,NVHOS,"1,1,2,2-tetrafluoro-2-(1,2,2,2-tetrafluoro-ethoxy)ethane sulfonic acid"
10472,53554,NVHOS,"1,1,2,2-tetrafluoro-2-(1,2,2,2-tetrafluoro-ethoxy)ethane sulfonic acid"
10495,53554,NVHOS,"1,1,2,2-tetrafluoro-2-(1,2,2,2-tetrafluoro-ethoxy)ethane sulfonic acid"
10518,53554,NVHOS,"1,1,2,2-tetrafluoro-2-(1,2,2,2-tetrafluoro-ethoxy)ethane sulfonic acid"
10541,53554,NVHOS,"1,1,2,2-tetrafluoro-2-(1,2,2,2-tetrafluoro-ethoxy)ethane sulfonic acid"
10564,53554,NVHOS,"1,1,2,2-tetrafluoro-2-(1,2,2,2-tetrafluoro-ethoxy)ethane sulfonic acid"
10587,53554,NVHOS,"1,1,2,2-tetrafluoro-2-(1,2,2,2-tetrafluoro-ethoxy)ethane sulfonic acid"
10610,53554,NVHOS,"1,1,2,2-tetrafluoro-2-(1,2,2,2-tetrafluoro-ethoxy)ethane sulfonic acid"
10633,53554,NVHOS,"1,1,2,2-tetrafluoro-2-(1,2,2,2-tetrafluoro-ethoxy)ethane sulfonic acid"
10656,53554,NVHOS,"1,1,2,2-tetrafluoro-2-(1,2,2,2-tetrafluoro-ethoxy)ethane sulfonic acid"
10679,53554,NVHOS,"1,1,2,2-tetrafluoro-2-(1,2,2,2-tetrafluoro-ethoxy)ethane sulfonic acid"
10702,53554,NVHOS,"1,1,2,2-tetrafluoro-2-(1,2,2,2-tetrafluoro-ethoxy)ethane sulfonic acid"
10725,53554,NVHOS,"1,1,2,2-tetrafluoro-2-(1,2,2,2-tetrafluoro-ethoxy)ethane sulfonic acid"
10748,53554,NVHOS,"1,1,2,2-tetrafluoro-2-(1,2,2,2-tetrafluoro-ethoxy)ethane sulfonic acid"
10771,53554,NVHOS,"1,1,2,2-tetrafluoro-2-(1,2,2,2-tetrafluoro-ethoxy)ethane sulfonic acid"
10794,53554,NVHOS,"1,1,2,2-tetrafluoro-2-(1,2,2,2-tetrafluoro-ethoxy)ethane sulfonic acid"
10817,53554,NVHOS,"1,1,2,2-tetrafluoro-2-(1,2,2,2-tetrafluoro-ethoxy)ethane sulfonic acid"
10840,53554,NVHOS,"1,1,2,2-tetrafluoro-2-(1,2,2,2-tetrafluoro-ethoxy)ethane sulfonic acid"
10886,53554,NVHOS,"1,1,2,2-tetrafluoro-2-(1,2,2,2-tetrafluoro-ethoxy)ethane sulfonic acid"
46110,53554,NVHOS,"1,1,2,2-tetrafluoro-2-(1,2,2,2-tetrafluoro-ethoxy)ethane sulfonic acid"
46223,53554,NVHOS,"1,1,2,2-tetrafluoro-2-(1,2,2,2-tetrafluoro-ethoxy)ethane sulfonic acid"
46313,53554,NVHOS,"1,1,2,2-tetrafluoro-2-(1,2,2,2-tetrafluoro-ethoxy)ethane sulfonic acid"
46381,53554,NVHOS,"1,1,2,2-tetrafluoro-2-(1,2,2,2-tetrafluoro-ethoxy)ethane sulfonic acid"
46528,53554,NVHOS,"1,1,2,2-tetrafluoro-2-(1,2,2,2-tetrafluoro-ethoxy)ethane sulfonic acid"
46562,53554,NVHOS,"1,1,2,2-tetrafluoro-2-(1,2,2,2-tetrafluoro-ethoxy)ethane sulfonic acid"
46671,53554,NVHOS,"1,1,2,2-tetrafluoro-2-(1,2,2,2-tetrafluoro-ethoxy)ethane sulfonic acid"
46683,53554,NVHOS,"1,1,2,2-tetrafluoro-2-(1,2,2,2-tetrafluoro-ethoxy)ethane sulfonic acid"
46726,53554,NVHOS,"1,1,2,2-tetrafluoro-2-(1,2,2,2-tetrafluoro-ethoxy)ethane sulfonic acid"
46900,53554,NVHOS,"1,1,2,2-tetrafluoro-2-(1,2,2,2-tetrafluoro-ethoxy)ethane sulfonic acid"
10193,53555,Nafion Bp 1,"Perfluoro-3,6-dioxa-4-methyl-7-octene-1-sulfonic acid"
10216,53555,Nafion Bp 1,"Perfluoro-3,6-dioxa-4-methyl-7-octene-1-sulfonic acid"
10239,53555,Nafion Bp 1,"Perfluoro-3,6-dioxa-4-methyl-7-octene-1-sulfonic acid"
10262,53555,Nafion Bp 1,"Perfluoro-3,6-dioxa-4-methyl-7-octene-1-sulfonic acid"
10285,53555,Nafion Bp 1,"Perfluoro-3,6-dioxa-4-methyl-7-octene-1-sulfonic acid"
10308,53555,Nafion Bp 1,"Perfluoro-3,6-dioxa-4-methyl-7-octene-1-sulfonic acid"
10331,53555,Nafion Bp 1,"Perfluoro-3,6-dioxa-4-methyl-7-octene-1-sulfonic acid"
10354,53555,Nafion Bp 1,"Perfluoro-3,6-dioxa-4-methyl-7-octene-1-sulfonic acid"
10377,53555,Nafion Bp 1,"Perfluoro-3,6-dioxa-4-methyl-7-octene-1-sulfonic acid"
10400,53555,Nafion Bp 1,"Perfluoro-3,6-dioxa-4-methyl-7-octene-1-sulfonic acid"
10423,53555,Nafion Bp 1,"Perfluoro-3,6-dioxa-4-methyl-7-octene-1-sulfonic acid"
10446,53555,Nafion Bp 1,"Perfluoro-3,6-dioxa-4-methyl-7-octene-1-sulfonic acid"
10469,53555,Nafion Bp 1,"Perfluoro-3,6-dioxa-4-methyl-7-octene-1-sulfonic acid"
10492,53555,Nafion Bp 1,"Perfluoro-3,6-dioxa-4-methyl-7-octene-1-sulfonic acid"
10515,53555,Nafion Bp 1,"Perfluoro-3,6-dioxa-4-methyl-7-octene-1-sulfonic acid"
10538,53555,Nafion Bp 1,"Perfluoro-3,6-dioxa-4-methyl-7-octene-1-sulfonic acid"
10561,53555,Nafion Bp 1,"Perfluoro-3,6-dioxa-4-methyl-7-octene-1-sulfonic acid"
10584,53555,Nafion Bp 1,"Perfluoro-3,6-dioxa-4-methyl-7-octene-1-sulfonic acid"
10607,53555,Nafion Bp 1,"Perfluoro-3,6-dioxa-4-methyl-7-octene-1-sulfonic acid"
10630,53555,Nafion Bp 1,"Perfluoro-3,6-dioxa-4-methyl-7-octene-1-sulfonic acid"
10653,53555,Nafion Bp 1,"Perfluoro-3,6-dioxa-4-methyl-7-octene-1-sulfonic acid"
10676,53555,Nafion Bp 1,"Perfluoro-3,6-dioxa-4-methyl-7-octene-1-sulfonic acid"
10699,53555,Nafion Bp 1,"Perfluoro-3,6-dioxa-4-methyl-7-octene-1-sulfonic acid"
10722,53555,Nafion Bp 1,"Perfluoro-3,6-dioxa-4-methyl-7-octene-1-sulfonic acid"
10745,53555,Nafion Bp 1,"Perfluoro-3,6-dioxa-4-methyl-7-octene-1-sulfonic acid"
10768,53555,Nafion Bp 1,"Perfluoro-3,6-dioxa-4-methyl-7-octene-1-sulfonic acid"
10791,53555,Nafion Bp 1,"Perfluoro-3,6-dioxa-4-methyl-7-octene-1-sulfonic acid"
10814,53555,Nafion Bp 1,"Perfluoro-3,6-dioxa-4-methyl-7-octene-1-sulfonic acid"
10837,53555,Nafion Bp 1,"Perfluoro-3,6-dioxa-4-methyl-7-octene-1-sulfonic acid"
10883,53555,Nafion Bp 1,"Perfluoro-3,6-dioxa-4-methyl-7-octene-1-sulfonic acid"
10915,53555,Nafion Bp 1,"Perfluoro-3,6-dioxa-4-methyl-7-octene-1-sulfonic acid"
10194,53556,Nafion Bp 2,Perfluoro-2-{[perfluoro-3-(perfluoroethoxy)-2-propanyl]oxy}ethanesulfonic acid
10217,53556,Nafion Bp 2,Perfluoro-2-{[perfluoro-3-(perfluoroethoxy)-2-propanyl]oxy}ethanesulfonic acid
10240,53556,Nafion Bp 2,Perfluoro-2-{[perfluoro-3-(perfluoroethoxy)-2-propanyl]oxy}ethanesulfonic acid
10263,53556,Nafion Bp 2,Perfluoro-2-{[perfluoro-3-(perfluoroethoxy)-2-propanyl]oxy}ethanesulfonic acid
10286,53556,Nafion Bp 2,Perfluoro-2-{[perfluoro-3-(perfluoroethoxy)-2-propanyl]oxy}ethanesulfonic acid
10309,53556,Nafion Bp 2,Perfluoro-2-{[perfluoro-3-(perfluoroethoxy)-2-propanyl]oxy}ethanesulfonic acid
10332,53556,Nafion Bp 2,Perfluoro-2-{[perfluoro-3-(perfluoroethoxy)-2-propanyl]oxy}ethanesulfonic acid
10355,53556,Nafion Bp 2,Perfluoro-2-{[perfluoro-3-(perfluoroethoxy)-2-propanyl]oxy}ethanesulfonic acid
10378,53556,Nafion Bp 2,Perfluoro-2-{[perfluoro-3-(perfluoroethoxy)-2-propanyl]oxy}ethanesulfonic acid
10401,53556,Nafion Bp 2,Perfluoro-2-{[perfluoro-3-(perfluoroethoxy)-2-propanyl]oxy}ethanesulfonic acid
10424,53556,Nafion Bp 2,Perfluoro-2-{[perfluoro-3-(perfluoroethoxy)-2-propanyl]oxy}ethanesulfonic acid
10447,53556,Nafion Bp 2,Perfluoro-2-{[perfluoro-3-(perfluoroethoxy)-2-propanyl]oxy}ethanesulfonic acid
10470,53556,Nafion Bp 2,Perfluoro-2-{[perfluoro-3-(perfluoroethoxy)-2-propanyl]oxy}ethanesulfonic acid
10493,53556,Nafion Bp 2,Perfluoro-2-{[perfluoro-3-(perfluoroethoxy)-2-propanyl]oxy}ethanesulfonic acid
10516,53556,Nafion Bp 2,Perfluoro-2-{[perfluoro-3-(perfluoroethoxy)-2-propanyl]oxy}ethanesulfonic acid
10539,53556,Nafion Bp 2,Perfluoro-2-{[perfluoro-3-(perfluoroethoxy)-2-propanyl]oxy}ethanesulfonic acid
10562,53556,Nafion Bp 2,Perfluoro-2-{[perfluoro-3-(perfluoroethoxy)-2-propanyl]oxy}ethanesulfonic acid
10585,53556,Nafion Bp 2,Perfluoro-2-{[perfluoro-3-(perfluoroethoxy)-2-propanyl]oxy}ethanesulfonic acid
10608,53556,Nafion Bp 2,Perfluoro-2-{[perfluoro-3-(perfluoroethoxy)-2-propanyl]oxy}ethanesulfonic acid
10631,53556,Nafion Bp 2,Perfluoro-2-{[perfluoro-3-(perfluoroethoxy)-2-propanyl]oxy}ethanesulfonic acid
10654,53556,Nafion Bp 2,Perfluoro-2-{[perfluoro-3-(perfluoroethoxy)-2-propanyl]oxy}ethanesulfonic acid
10677,53556,Nafion Bp 2,Perfluoro-2-{[perfluoro-3-(perfluoroethoxy)-2-propanyl]oxy}ethanesulfonic acid
10700,53556,Nafion Bp 2,Perfluoro-2-{[perfluoro-3-(perfluoroethoxy)-2-propanyl]oxy}ethanesulfonic acid
10723,53556,Nafion Bp 2,Perfluoro-2-{[perfluoro-3-(perfluoroethoxy)-2-propanyl]oxy}ethanesulfonic acid
10746,53556,Nafion Bp 2,Perfluoro-2-{[perfluoro-3-(perfluoroethoxy)-2-propanyl]oxy}ethanesulfonic acid
10769,53556,Nafion Bp 2,Perfluoro-2-{[perfluoro-3-(perfluoroethoxy)-2-propanyl]oxy}ethanesulfonic acid
10792,53556,Nafion Bp 2,Perfluoro-2-{[perfluoro-3-(perfluoroethoxy)-2-propanyl]oxy}ethanesulfonic acid
10815,53556,Nafion Bp 2,Perfluoro-2-{[perfluoro-3-(perfluoroethoxy)-2-propanyl]oxy}ethanesulfonic acid
10838,53556,Nafion Bp 2,Perfluoro-2-{[perfluoro-3-(perfluoroethoxy)-2-propanyl]oxy}ethanesulfonic acid
10884,53556,Nafion Bp 2,Perfluoro-2-{[perfluoro-3-(perfluoroethoxy)-2-propanyl]oxy}ethanesulfonic acid
46101,53556,Nafion Bp 2,Perfluoro-2-{[perfluoro-3-(perfluoroethoxy)-2-propanyl]oxy}ethanesulfonic acid
46219,53556,Nafion Bp 2,Perfluoro-2-{[perfluoro-3-(perfluoroethoxy)-2-propanyl]oxy}ethanesulfonic acid
46307,53556,Nafion Bp 2,Perfluoro-2-{[perfluoro-3-(perfluoroethoxy)-2-propanyl]oxy}ethanesulfonic acid
46413,53556,Nafion Bp 2,Perfluoro-2-{[perfluoro-3-(perfluoroethoxy)-2-propanyl]oxy}ethanesulfonic acid
46538,53556,Nafion Bp 2,Perfluoro-2-{[perfluoro-3-(perfluoroethoxy)-2-propanyl]oxy}ethanesulfonic acid
46555,53556,Nafion Bp 2,Perfluoro-2-{[perfluoro-3-(perfluoroethoxy)-2-propanyl]oxy}ethanesulfonic acid
46604,53556,Nafion Bp 2,Perfluoro-2-{[perfluoro-3-(perfluoroethoxy)-2-propanyl]oxy}ethanesulfonic acid
46694,53556,Nafion Bp 2,Perfluoro-2-{[perfluoro-3-(perfluoroethoxy)-2-propanyl]oxy}ethanesulfonic acid
46797,53556,Nafion Bp 2,Perfluoro-2-{[perfluoro-3-(perfluoroethoxy)-2-propanyl]oxy}ethanesulfonic acid
46898,53556,Nafion Bp 2,Perfluoro-2-{[perfluoro-3-(perfluoroethoxy)-2-propanyl]oxy}ethanesulfonic acid
10195,53557,Nafion Bp 4,"2,2,3,3,4,5,5,5-4-(1,1,2,2-tetrafluoro-2-sulfoethoxy)pentanoic acid"
10218,53557,Nafion Bp 4,"2,2,3,3,4,5,5,5-4-(1,1,2,2-tetrafluoro-2-sulfoethoxy)pentanoic acid"
10241,53557,Nafion Bp 4,"2,2,3,3,4,5,5,5-4-(1,1,2,2-tetrafluoro-2-sulfoethoxy)pentanoic acid"
10264,53557,Nafion Bp 4,"2,2,3,3,4,5,5,5-4-(1,1,2,2-tetrafluoro-2-sulfoethoxy)pentanoic acid"
10287,53557,Nafion Bp 4,"2,2,3,3,4,5,5,5-4-(1,1,2,2-tetrafluoro-2-sulfoethoxy)pentanoic acid"
10310,53557,Nafion Bp 4,"2,2,3,3,4,5,5,5-4-(1,1,2,2-tetrafluoro-2-sulfoethoxy)pentanoic acid"
10333,53557,Nafion Bp 4,"2,2,3,3,4,5,5,5-4-(1,1,2,2-tetrafluoro-2-sulfoethoxy)pentanoic acid"
10356,53557,Nafion Bp 4,"2,2,3,3,4,5,5,5-4-(1,1,2,2-tetrafluoro-2-sulfoethoxy)pentanoic acid"
10379,53557,Nafion Bp 4,"2,2,3,3,4,5,5,5-4-(1,1,2,2-tetrafluoro-2-sulfoethoxy)pentanoic acid"
10402,53557,Nafion Bp 4,"2,2,3,3,4,5,5,5-4-(1,1,2,2-tetrafluoro-2-sulfoethoxy)pentanoic acid"
10425,53557,Nafion Bp 4,"2,2,3,3,4,5,5,5-4-(1,1,2,2-tetrafluoro-2-sulfoethoxy)pentanoic acid"
10448,53557,Nafion Bp 4,"2,2,3,3,4,5,5,5-4-(1,1,2,2-tetrafluoro-2-sulfoethoxy)pentanoic acid"
10471,53557,Nafion Bp 4,"2,2,3,3,4,5,5,5-4-(1,1,2,2-tetrafluoro-2-sulfoethoxy)pentanoic acid"
10494,53557,Nafion Bp 4,"2,2,3,3,4,5,5,5-4-(1,1,2,2-tetrafluoro-2-sulfoethoxy)pentanoic acid"
10517,53557,Nafion Bp 4,"2,2,3,3,4,5,5,5-4-(1,1,2,2-tetrafluoro-2-sulfoethoxy)pentanoic acid"
10540,53557,Nafion Bp 4,"2,2,3,3,4,5,5,5-4-(1,1,2,2-tetrafluoro-2-sulfoethoxy)pentanoic acid"
10563,53557,Nafion Bp 4,"2,2,3,3,4,5,5,5-4-(1,1,2,2-tetrafluoro-2-sulfoethoxy)pentanoic acid"
10586,53557,Nafion Bp 4,"2,2,3,3,4,5,5,5-4-(1,1,2,2-tetrafluoro-2-sulfoethoxy)pentanoic acid"
10609,53557,Nafion Bp 4,"2,2,3,3,4,5,5,5-4-(1,1,2,2-tetrafluoro-2-sulfoethoxy)pentanoic acid"
10632,53557,Nafion Bp 4,"2,2,3,3,4,5,5,5-4-(1,1,2,2-tetrafluoro-2-sulfoethoxy)pentanoic acid"
10655,53557,Nafion Bp 4,"2,2,3,3,4,5,5,5-4-(1,1,2,2-tetrafluoro-2-sulfoethoxy)pentanoic acid"
10678,53557,Nafion Bp 4,"2,2,3,3,4,5,5,5-4-(1,1,2,2-tetrafluoro-2-sulfoethoxy)pentanoic acid"
10701,53557,Nafion Bp 4,"2,2,3,3,4,5,5,5-4-(1,1,2,2-tetrafluoro-2-sulfoethoxy)pentanoic acid"
10724,53557,Nafion Bp 4,"2,2,3,3,4,5,5,5-4-(1,1,2,2-tetrafluoro-2-sulfoethoxy)pentanoic acid"
10747,53557,Nafion Bp 4,"2,2,3,3,4,5,5,5-4-(1,1,2,2-tetrafluoro-2-sulfoethoxy)pentanoic acid"
10770,53557,Nafion Bp 4,"2,2,3,3,4,5,5,5-4-(1,1,2,2-tetrafluoro-2-sulfoethoxy)pentanoic acid"
10793,53557,Nafion Bp 4,"2,2,3,3,4,5,5,5-4-(1,1,2,2-tetrafluoro-2-sulfoethoxy)pentanoic acid"
10816,53557,Nafion Bp 4,"2,2,3,3,4,5,5,5-4-(1,1,2,2-tetrafluoro-2-sulfoethoxy)pentanoic acid"
10839,53557,Nafion Bp 4,"2,2,3,3,4,5,5,5-4-(1,1,2,2-tetrafluoro-2-sulfoethoxy)pentanoic acid"
10885,53557,Nafion Bp 4,"2,2,3,3,4,5,5,5-4-(1,1,2,2-tetrafluoro-2-sulfoethoxy)pentanoic acid"
10203,53558,PFMOAA,Difluoro(perfluoromethoxy)acetic acid
10226,53558,PFMOAA,Difluoro(perfluoromethoxy)acetic acid
10249,53558,PFMOAA,Difluoro(perfluoromethoxy)acetic acid
10272,53558,PFMOAA,Difluoro(perfluoromethoxy)acetic acid
10295,53558,PFMOAA,Difluoro(perfluoromethoxy)acetic acid
10318,53558,PFMOAA,Difluoro(perfluoromethoxy)acetic acid
10341,53558,PFMOAA,Difluoro(perfluoromethoxy)acetic acid
10364,53558,PFMOAA,Difluoro(perfluoromethoxy)acetic acid
10387,53558,PFMOAA,Difluoro(perfluoromethoxy)acetic acid
10410,53558,PFMOAA,Difluoro(perfluoromethoxy)acetic acid
10433,53558,PFMOAA,Difluoro(perfluoromethoxy)acetic acid
10456,53558,PFMOAA,Difluoro(perfluoromethoxy)acetic acid
10479,53558,PFMOAA,Difluoro(perfluoromethoxy)acetic acid
10502,53558,PFMOAA,Difluoro(perfluoromethoxy)acetic acid
10525,53558,PFMOAA,Difluoro(perfluoromethoxy)acetic acid
10548,53558,PFMOAA,Difluoro(perfluoromethoxy)acetic acid
10571,53558,PFMOAA,Difluoro(perfluoromethoxy)acetic acid
10594,53558,PFMOAA,Difluoro(perfluoromethoxy)acetic acid
10617,53558,PFMOAA,Difluoro(perfluoromethoxy)acetic acid
10640,53558,PFMOAA,Difluoro(perfluoromethoxy)acetic acid
10663,53558,PFMOAA,Difluoro(perfluoromethoxy)acetic acid
10686,53558,PFMOAA,Difluoro(perfluoromethoxy)acetic acid
10709,53558,PFMOAA,Difluoro(perfluoromethoxy)acetic acid
10732,53558,PFMOAA,Difluoro(perfluoromethoxy)acetic acid
10755,53558,PFMOAA,Difluoro(perfluoromethoxy)acetic acid
10778,53558,PFMOAA,Difluoro(perfluoromethoxy)acetic acid
10801,53558,PFMOAA,Difluoro(perfluoromethoxy)acetic acid
10824,53558,PFMOAA,Difluoro(perfluoromethoxy)acetic acid
10847,53558,PFMOAA,Difluoro(perfluoromethoxy)acetic acid
10893,53558,PFMOAA,Difluoro(perfluoromethoxy)acetic acid
46103,53558,PFMOAA,Difluoro(perfluoromethoxy)acetic acid
46221,53558,PFMOAA,Difluoro(perfluoromethoxy)acetic acid
46309,53558,PFMOAA,Difluoro(perfluoromethoxy)acetic acid
46382,53558,PFMOAA,Difluoro(perfluoromethoxy)acetic acid
46531,53558,PFMOAA,Difluoro(perfluoromethoxy)acetic acid
46556,53558,PFMOAA,Difluoro(perfluoromethoxy)acetic acid
46690,53558,PFMOAA,Difluoro(perfluoromethoxy)acetic acid
46893,53558,PFMOAA,Difluoro(perfluoromethoxy)acetic acid
10212,53559,PMPA,Perfluoro-2-(perfluoromethoxy)propanoic acid
10235,53559,PMPA,Perfluoro-2-(perfluoromethoxy)propanoic acid
10258,53559,PMPA,Perfluoro-2-(perfluoromethoxy)propanoic acid
10281,53559,PMPA,Perfluoro-2-(perfluoromethoxy)propanoic acid
10304,53559,PMPA,Perfluoro-2-(perfluoromethoxy)propanoic acid
10327,53559,PMPA,Perfluoro-2-(perfluoromethoxy)propanoic acid
10350,53559,PMPA,Perfluoro-2-(perfluoromethoxy)propanoic acid
10373,53559,PMPA,Perfluoro-2-(perfluoromethoxy)propanoic acid
10396,53559,PMPA,Perfluoro-2-(perfluoromethoxy)propanoic acid
10419,53559,PMPA,Perfluoro-2-(perfluoromethoxy)propanoic acid
10442,53559,PMPA,Perfluoro-2-(perfluoromethoxy)propanoic acid
10465,53559,PMPA,Perfluoro-2-(perfluoromethoxy)propanoic acid
10488,53559,PMPA,Perfluoro-2-(perfluoromethoxy)propanoic acid
10511,53559,PMPA,Perfluoro-2-(perfluoromethoxy)propanoic acid
10534,53559,PMPA,Perfluoro-2-(perfluoromethoxy)propanoic acid
10557,53559,PMPA,Perfluoro-2-(perfluoromethoxy)propanoic acid
10580,53559,PMPA,Perfluoro-2-(perfluoromethoxy)propanoic acid
10603,53559,PMPA,Perfluoro-2-(perfluoromethoxy)propanoic acid
10626,53559,PMPA,Perfluoro-2-(perfluoromethoxy)propanoic acid
10649,53559,PMPA,Perfluoro-2-(perfluoromethoxy)propanoic acid
10672,53559,PMPA,Perfluoro-2-(perfluoromethoxy)propanoic acid
10695,53559,PMPA,Perfluoro-2-(perfluoromethoxy)propanoic acid
10718,53559,PMPA,Perfluoro-2-(perfluoromethoxy)propanoic acid
10741,53559,PMPA,Perfluoro-2-(perfluoromethoxy)propanoic acid
10764,53559,PMPA,Perfluoro-2-(perfluoromethoxy)propanoic acid
10787,53559,PMPA,Perfluoro-2-(perfluoromethoxy)propanoic acid
10810,53559,PMPA,Perfluoro-2-(perfluoromethoxy)propanoic acid
10833,53559,PMPA,Perfluoro-2-(perfluoromethoxy)propanoic acid
10856,53559,PMPA,Perfluoro-2-(perfluoromethoxy)propanoic acid
10902,53559,PMPA,Perfluoro-2-(perfluoromethoxy)propanoic acid
10197,53560,PEPA,"2,3,3,3-Tetrafluoro-2-(pentafluoroethoxy)propanoic acid"
10220,53560,PEPA,"2,3,3,3-Tetrafluoro-2-(pentafluoroethoxy)propanoic acid"
10243,53560,PEPA,"2,3,3,3-Tetrafluoro-2-(pentafluoroethoxy)propanoic acid"
10266,53560,PEPA,"2,3,3,3-Tetrafluoro-2-(pentafluoroethoxy)propanoic acid"
10289,53560,PEPA,"2,3,3,3-Tetrafluoro-2-(pentafluoroethoxy)propanoic acid"
10312,53560,PEPA,"2,3,3,3-Tetrafluoro-2-(pentafluoroethoxy)propanoic acid"
10335,53560,PEPA,"2,3,3,3-Tetrafluoro-2-(pentafluoroethoxy)propanoic acid"
10358,53560,PEPA,"2,3,3,3-Tetrafluoro-2-(pentafluoroethoxy)propanoic acid"
10381,53560,PEPA,"2,3,3,3-Tetrafluoro-2-(pentafluoroethoxy)propanoic acid"
10404,53560,PEPA,"2,3,3,3-Tetrafluoro-2-(pentafluoroethoxy)propanoic acid"
10427,53560,PEPA,"2,3,3,3-Tetrafluoro-2-(pentafluoroethoxy)propanoic acid"
10450,53560,PEPA,"2,3,3,3-Tetrafluoro-2-(pentafluoroethoxy)propanoic acid"
10473,53560,PEPA,"2,3,3,3-Tetrafluoro-2-(pentafluoroethoxy)propanoic acid"
10496,53560,PEPA,"2,3,3,3-Tetrafluoro-2-(pentafluoroethoxy)propanoic acid"
10519,53560,PEPA,"2,3,3,3-Tetrafluoro-2-(pentafluoroethoxy)propanoic acid"
10542,53560,PEPA,"2,3,3,3-Tetrafluoro-2-(pentafluoroethoxy)propanoic acid"
10565,53560,PEPA,"2,3,3,3-Tetrafluoro-2-(pentafluoroethoxy)propanoic acid"
10588,53560,PEPA,"2,3,3,3-Tetrafluoro-2-(pentafluoroethoxy)propanoic acid"
10611,53560,PEPA,"2,3,3,3-Tetrafluoro-2-(pentafluoroethoxy)propanoic acid"
10634,53560,PEPA,"2,3,3,3-Tetrafluoro-2-(pentafluoroethoxy)propanoic acid"
10657,53560,PEPA,"2,3,3,3-Tetrafluoro-2-(pentafluoroethoxy)propanoic acid"
10680,53560,PEPA,"2,3,3,3-Tetrafluoro-2-(pentafluoroethoxy)propanoic acid"
10703,53560,PEPA,"2,3,3,3-Tetrafluoro-2-(pentafluoroethoxy)propanoic acid"
10726,53560,PEPA,"2,3,3,3-Tetrafluoro-2-(pentafluoroethoxy)propanoic acid"
10749,53560,PEPA,"2,3,3,3-Tetrafluoro-2-(pentafluoroethoxy)propanoic acid"
10772,53560,PEPA,"2,3,3,3-Tetrafluoro-2-(pentafluoroethoxy)propanoic acid"
10795,53560,PEPA,"2,3,3,3-Tetrafluoro-2-(pentafluoroethoxy)propanoic acid"
10818,53560,PEPA,"2,3,3,3-Tetrafluoro-2-(pentafluoroethoxy)propanoic acid"
10841,53560,PEPA,"2,3,3,3-Tetrafluoro-2-(pentafluoroethoxy)propanoic acid"
10887,53560,PEPA,"2,3,3,3-Tetrafluoro-2-(pentafluoroethoxy)propanoic acid"
46104,53560,PEPA,"2,3,3,3-Tetrafluoro-2-(pentafluoroethoxy)propanoic acid"
46116,53560,PEPA,"2,3,3,3-Tetrafluoro-2-(pentafluoroethoxy)propanoic acid"
46232,53560,PEPA,"2,3,3,3-Tetrafluoro-2-(pentafluoroethoxy)propanoic acid"
46318,53560,PEPA,"2,3,3,3-Tetrafluoro-2-(pentafluoroethoxy)propanoic acid"
46543,53560,PEPA,"2,3,3,3-Tetrafluoro-2-(pentafluoroethoxy)propanoic acid"
46558,53560,PEPA,"2,3,3,3-Tetrafluoro-2-(pentafluoroethoxy)propanoic acid"
46601,53560,PEPA,"2,3,3,3-Tetrafluoro-2-(pentafluoroethoxy)propanoic acid"
46641,53560,PEPA,"2,3,3,3-Tetrafluoro-2-(pentafluoroethoxy)propanoic acid"
46684,53560,PEPA,"2,3,3,3-Tetrafluoro-2-(pentafluoroethoxy)propanoic acid"
46794,53560,PEPA,"2,3,3,3-Tetrafluoro-2-(pentafluoroethoxy)propanoic acid"
46902,53560,PEPA,"2,3,3,3-Tetrafluoro-2-(pentafluoroethoxy)propanoic acid"
10191,53561,GenX,Perfluoro-2-methyl-3-oxahexanoic acid
10214,53561,GenX,Perfluoro-2-methyl-3-oxahexanoic acid
10237,53561,GenX,Perfluoro-2-methyl-3-oxahexanoic acid
10260,53561,GenX,Perfluoro-2-methyl-3-oxahexanoic acid
10283,53561,GenX,Perfluoro-2-methyl-3-oxahexanoic acid
10306,53561,GenX,Perfluoro-2-methyl-3-oxahexanoic acid
10329,53561,GenX,Perfluoro-2-methyl-3-oxahexanoic acid
10352,53561,GenX,Perfluoro-2-methyl-3-oxahexanoic acid
10375,53561,GenX,Perfluoro-2-methyl-3-oxahexanoic acid
10398,53561,GenX,Perfluoro-2-methyl-3-oxahexanoic acid
10421,53561,GenX,Perfluoro-2-methyl-3-oxahexanoic acid
10444,53561,GenX,Perfluoro-2-methyl-3-oxahexanoic acid
10467,53561,GenX,Perfluoro-2-methyl-3-oxahexanoic acid
10490,53561,GenX,Perfluoro-2-methyl-3-oxahexanoic acid
10513,53561,GenX,Perfluoro-2-methyl-3-oxahexanoic acid
10536,53561,GenX,Perfluoro-2-methyl-3-oxahexanoic acid
10559,53561,GenX,Perfluoro-2-methyl-3-oxahexanoic acid
10582,53561,GenX,Perfluoro-2-methyl-3-oxahexanoic acid
10605,53561,GenX,Perfluoro-2-methyl-3-oxahexanoic acid
10628,53561,GenX,Perfluoro-2-methyl-3-oxahexanoic acid
10651,53561,GenX,Perfluoro-2-methyl-3-oxahexanoic acid
10674,53561,GenX,Perfluoro-2-methyl-3-oxahexanoic acid
10697,53561,GenX,Perfluoro-2-methyl-3-oxahexanoic acid
10720,53561,GenX,Perfluoro-2-methyl-3-oxahexanoic acid
10743,53561,GenX,Perfluoro-2-methyl-3-oxahexanoic acid
10766,53561,GenX,Perfluoro-2-methyl-3-oxahexanoic acid
10789,53561,GenX,Perfluoro-2-methyl-3-oxahexanoic acid
10812,53561,GenX,Perfluoro-2-methyl-3-oxahexanoic acid
10835,53561,GenX,Perfluoro-2-methyl-3-oxahexanoic acid
10881,53561,GenX,Perfluoro-2-methyl-3-oxahexanoic acid
46098,53561,GenX,Perfluoro-2-methyl-3-oxahexanoic acid
46118,53561,GenX,Perfluoro-2-methyl-3-oxahexanoic acid
46166,53561,GenX,Perfluoro-2-methyl-3-oxahexanoic acid
46228,53561,GenX,Perfluoro-2-methyl-3-oxahexanoic acid
46247,53561,GenX,Perfluoro-2-methyl-3-oxahexanoic acid
46287,53561,GenX,Perfluoro-2-methyl-3-oxahexanoic acid
46319,53561,GenX,Perfluoro-2-methyl-3-oxahexanoic acid
46380,53561,GenX,Perfluoro-2-methyl-3-oxahexanoic acid
46534,53561,GenX,Perfluoro-2-methyl-3-oxahexanoic acid
46568,53561,GenX,Perfluoro-2-methyl-3-oxahexanoic acid
46599,53561,GenX,Perfluoro-2-methyl-3-oxahexanoic acid
46605,53561,GenX,Perfluoro-2-methyl-3-oxahexanoic acid
46619,53561,GenX,Perfluoro-2-methyl-3-oxahexanoic acid
46643,53561,GenX,Perfluoro-2-methyl-3-oxahexanoic acid
46685,53561,GenX,Perfluoro-2-methyl-3-oxahexanoic acid
46778,53561,GenX,Perfluoro-2-methyl-3-oxahexanoic acid
46793,53561,GenX,Perfluoro-2-methyl-3-oxahexanoic acid
46795,53561,GenX,Perfluoro-2-methyl-3-oxahexanoic acid
46807,53561,GenX,Perfluoro-2-methyl-3-oxahexanoic acid
46899,53561,GenX,Perfluoro-2-methyl-3-oxahexanoic acid
10205,53562,PFO2HxA,"Peruoro-3,5-dioxahexanoic acid"
10228,53562,PFO2HxA,"Peruoro-3,5-dioxahexanoic acid"
10251,53562,PFO2HxA,"Peruoro-3,5-dioxahexanoic acid"
10274,53562,PFO2HxA,"Peruoro-3,5-dioxahexanoic acid"
10297,53562,PFO2HxA,"Peruoro-3,5-dioxahexanoic acid"
10320,53562,PFO2HxA,"Peruoro-3,5-dioxahexanoic acid"
10343,53562,PFO2HxA,"Peruoro-3,5-dioxahexanoic acid"
10366,53562,PFO2HxA,"Peruoro-3,5-dioxahexanoic acid"
10389,53562,PFO2HxA,"Peruoro-3,5-dioxahexanoic acid"
10412,53562,PFO2HxA,"Peruoro-3,5-dioxahexanoic acid"
10435,53562,PFO2HxA,"Peruoro-3,5-dioxahexanoic acid"
10458,53562,PFO2HxA,"Peruoro-3,5-dioxahexanoic acid"
10481,53562,PFO2HxA,"Peruoro-3,5-dioxahexanoic acid"
10504,53562,PFO2HxA,"Peruoro-3,5-dioxahexanoic acid"
10527,53562,PFO2HxA,"Peruoro-3,5-dioxahexanoic acid"
10550,53562,PFO2HxA,"Peruoro-3,5-dioxahexanoic acid"
10573,53562,PFO2HxA,"Peruoro-3,5-dioxahexanoic acid"
10596,53562,PFO2HxA,"Peruoro-3,5-dioxahexanoic acid"
10619,53562,PFO2HxA,"Peruoro-3,5-dioxahexanoic acid"
10642,53562,PFO2HxA,"Peruoro-3,5-dioxahexanoic acid"
10665,53562,PFO2HxA,"Peruoro-3,5-dioxahexanoic acid"
10688,53562,PFO2HxA,"Peruoro-3,5-dioxahexanoic acid"
10711,53562,PFO2HxA,"Peruoro-3,5-dioxahexanoic acid"
10734,53562,PFO2HxA,"Peruoro-3,5-dioxahexanoic acid"
10757,53562,PFO2HxA,"Peruoro-3,5-dioxahexanoic acid"
10780,53562,PFO2HxA,"Peruoro-3,5-dioxahexanoic acid"
10803,53562,PFO2HxA,"Peruoro-3,5-dioxahexanoic acid"
10826,53562,PFO2HxA,"Peruoro-3,5-dioxahexanoic acid"
10849,53562,PFO2HxA,"Peruoro-3,5-dioxahexanoic acid"
10895,53562,PFO2HxA,"Peruoro-3,5-dioxahexanoic acid"
46106,53562,PFO2HxA,"Peruoro-3,5-dioxahexanoic acid"
46123,53562,PFO2HxA,"Peruoro-3,5-dioxahexanoic acid"
46231,53562,PFO2HxA,"Peruoro-3,5-dioxahexanoic acid"
46317,53562,PFO2HxA,"Peruoro-3,5-dioxahexanoic acid"
46377,53562,PFO2HxA,"Peruoro-3,5-dioxahexanoic acid"
46411,53562,PFO2HxA,"Peruoro-3,5-dioxahexanoic acid"
46540,53562,PFO2HxA,"Peruoro-3,5-dioxahexanoic acid"
46565,53562,PFO2HxA,"Peruoro-3,5-dioxahexanoic acid"
46602,53562,PFO2HxA,"Peruoro-3,5-dioxahexanoic acid"
46628,53562,PFO2HxA,"Peruoro-3,5-dioxahexanoic acid"
46637,53562,PFO2HxA,"Peruoro-3,5-dioxahexanoic acid"
46681,53562,PFO2HxA,"Peruoro-3,5-dioxahexanoic acid"
46798,53562,PFO2HxA,"Peruoro-3,5-dioxahexanoic acid"
46904,53562,PFO2HxA,"Peruoro-3,5-dioxahexanoic acid"
10206,53563,PFO3OA,"Perfluoro-3,5,7-trioxaoctanoic acid"
10229,53563,PFO3OA,"Perfluoro-3,5,7-trioxaoctanoic acid"
10252,53563,PFO3OA,"Perfluoro-3,5,7-trioxaoctanoic acid"
10275,53563,PFO3OA,"Perfluoro-3,5,7-trioxaoctanoic acid"
10298,53563,PFO3OA,"Perfluoro-3,5,7-trioxaoctanoic acid"
10321,53563,PFO3OA,"Perfluoro-3,5,7-trioxaoctanoic acid"
10344,53563,PFO3OA,"Perfluoro-3,5,7-trioxaoctanoic acid"
10367,53563,PFO3OA,"Perfluoro-3,5,7-trioxaoctanoic acid"
10390,53563,PFO3OA,"Perfluoro-3,5,7-trioxaoctanoic acid"
10413,53563,PFO3OA,"Perfluoro-3,5,7-trioxaoctanoic acid"
10436,53563,PFO3OA,"Perfluoro-3,5,7-trioxaoctanoic acid"
10459,53563,PFO3OA,"Perfluoro-3,5,7-trioxaoctanoic acid"
10482,53563,PFO3OA,"Perfluoro-3,5,7-trioxaoctanoic acid"
10505,53563,PFO3OA,"Perfluoro-3,5,7-trioxaoctanoic acid"
10528,53563,PFO3OA,"Perfluoro-3,5,7-trioxaoctanoic acid"
10551,53563,PFO3OA,"Perfluoro-3,5,7-trioxaoctanoic acid"
10574,53563,PFO3OA,"Perfluoro-3,5,7-trioxaoctanoic acid"
10597,53563,PFO3OA,"Perfluoro-3,5,7-trioxaoctanoic acid"
10620,53563,PFO3OA,"Perfluoro-3,5,7-trioxaoctanoic acid"
10643,53563,PFO3OA,"Perfluoro-3,5,7-trioxaoctanoic acid"
10666,53563,PFO3OA,"Perfluoro-3,5,7-trioxaoctanoic acid"
10689,53563,PFO3OA,"Perfluoro-3,5,7-trioxaoctanoic acid"
10712,53563,PFO3OA,"Perfluoro-3,5,7-trioxaoctanoic acid"
10735,53563,PFO3OA,"Perfluoro-3,5,7-trioxaoctanoic acid"
10758,53563,PFO3OA,"Perfluoro-3,5,7-trioxaoctanoic acid"
10781,53563,PFO3OA,"Perfluoro-3,5,7-trioxaoctanoic acid"
10804,53563,PFO3OA,"Perfluoro-3,5,7-trioxaoctanoic acid"
10827,53563,PFO3OA,"Perfluoro-3,5,7-trioxaoctanoic acid"
10850,53563,PFO3OA,"Perfluoro-3,5,7-trioxaoctanoic acid"
10896,53563,PFO3OA,"Perfluoro-3,5,7-trioxaoctanoic acid"
46107,53563,PFO3OA,"Perfluoro-3,5,7-trioxaoctanoic acid"
46222,53563,PFO3OA,"Perfluoro-3,5,7-trioxaoctanoic acid"
46306,53563,PFO3OA,"Perfluoro-3,5,7-trioxaoctanoic acid"
46378,53563,PFO3OA,"Perfluoro-3,5,7-trioxaoctanoic acid"
46414,53563,PFO3OA,"Perfluoro-3,5,7-trioxaoctanoic acid"
46527,53563,PFO3OA,"Perfluoro-3,5,7-trioxaoctanoic acid"
46560,53563,PFO3OA,"Perfluoro-3,5,7-trioxaoctanoic acid"
46686,53563,PFO3OA,"Perfluoro-3,5,7-trioxaoctanoic acid"
46889,53563,PFO3OA,"Perfluoro-3,5,7-trioxaoctanoic acid"
10207,53564,PFO4DA,"Peruoro-3,5,7,9-butaoxadecanoic acid"
10230,53564,PFO4DA,"Peruoro-3,5,7,9-butaoxadecanoic acid"
10253,53564,PFO4DA,"Peruoro-3,5,7,9-butaoxadecanoic acid"
10276,53564,PFO4DA,"Peruoro-3,5,7,9-butaoxadecanoic acid"
10299,53564,PFO4DA,"Peruoro-3,5,7,9-butaoxadecanoic acid"
10322,53564,PFO4DA,"Peruoro-3,5,7,9-butaoxadecanoic acid"
10345,53564,PFO4DA,"Peruoro-3,5,7,9-butaoxadecanoic acid"
10368,53564,PFO4DA,"Peruoro-3,5,7,9-butaoxadecanoic acid"
10391,53564,PFO4DA,"Peruoro-3,5,7,9-butaoxadecanoic acid"
10414,53564,PFO4DA,"Peruoro-3,5,7,9-butaoxadecanoic acid"
10437,53564,PFO4DA,"Peruoro-3,5,7,9-butaoxadecanoic acid"
10460,53564,PFO4DA,"Peruoro-3,5,7,9-butaoxadecanoic acid"
10483,53564,PFO4DA,"Peruoro-3,5,7,9-butaoxadecanoic acid"
10506,53564,PFO4DA,"Peruoro-3,5,7,9-butaoxadecanoic acid"
10529,53564,PFO4DA,"Peruoro-3,5,7,9-butaoxadecanoic acid"
10552,53564,PFO4DA,"Peruoro-3,5,7,9-butaoxadecanoic acid"
10575,53564,PFO4DA,"Peruoro-3,5,7,9-butaoxadecanoic acid"
10598,53564,PFO4DA,"Peruoro-3,5,7,9-butaoxadecanoic acid"
10621,53564,PFO4DA,"Peruoro-3,5,7,9-butaoxadecanoic acid"
10644,53564,PFO4DA,"Peruoro-3,5,7,9-butaoxadecanoic acid"
10667,53564,PFO4DA,"Peruoro-3,5,7,9-butaoxadecanoic acid"
10690,53564,PFO4DA,"Peruoro-3,5,7,9-butaoxadecanoic acid"
10713,53564,PFO4DA,"Peruoro-3,5,7,9-butaoxadecanoic acid"
10736,53564,PFO4DA,"Peruoro-3,5,7,9-butaoxadecanoic acid"
10759,53564,PFO4DA,"Peruoro-3,5,7,9-butaoxadecanoic acid"
10782,53564,PFO4DA,"Peruoro-3,5,7,9-butaoxadecanoic acid"
10805,53564,PFO4DA,"Peruoro-3,5,7,9-butaoxadecanoic acid"
10828,53564,PFO4DA,"Peruoro-3,5,7,9-butaoxadecanoic acid"
10851,53564,PFO4DA,"Peruoro-3,5,7,9-butaoxadecanoic acid"
10897,53564,PFO4DA,"Peruoro-3,5,7,9-butaoxadecanoic acid"
10208,53565,PFO5DoA,"Perfluoro-3,5,7,9,11-pentaoxadodecanoic acid"
10231,53565,PFO5DoA,"Perfluoro-3,5,7,9,11-pentaoxadodecanoic acid"
10254,53565,PFO5DoA,"Perfluoro-3,5,7,9,11-pentaoxadodecanoic acid"
10277,53565,PFO5DoA,"Perfluoro-3,5,7,9,11-pentaoxadodecanoic acid"
10300,53565,PFO5DoA,"Perfluoro-3,5,7,9,11-pentaoxadodecanoic acid"
10323,53565,PFO5DoA,"Perfluoro-3,5,7,9,11-pentaoxadodecanoic acid"
10346,53565,PFO5DoA,"Perfluoro-3,5,7,9,11-pentaoxadodecanoic acid"
10369,53565,PFO5DoA,"Perfluoro-3,5,7,9,11-pentaoxadodecanoic acid"
10392,53565,PFO5DoA,"Perfluoro-3,5,7,9,11-pentaoxadodecanoic acid"
10415,53565,PFO5DoA,"Perfluoro-3,5,7,9,11-pentaoxadodecanoic acid"
10438,53565,PFO5DoA,"Perfluoro-3,5,7,9,11-pentaoxadodecanoic acid"
10461,53565,PFO5DoA,"Perfluoro-3,5,7,9,11-pentaoxadodecanoic acid"
10484,53565,PFO5DoA,"Perfluoro-3,5,7,9,11-pentaoxadodecanoic acid"
10507,53565,PFO5DoA,"Perfluoro-3,5,7,9,11-pentaoxadodecanoic acid"
10530,53565,PFO5DoA,"Perfluoro-3,5,7,9,11-pentaoxadodecanoic acid"
10553,53565,PFO5DoA,"Perfluoro-3,5,7,9,11-pentaoxadodecanoic acid"
10576,53565,PFO5DoA,"Perfluoro-3,5,7,9,11-pentaoxadodecanoic acid"
10599,53565,PFO5DoA,"Perfluoro-3,5,7,9,11-pentaoxadodecanoic acid"
10622,53565,PFO5DoA,"Perfluoro-3,5,7,9,11-pentaoxadodecanoic acid"
10645,53565,PFO5DoA,"Perfluoro-3,5,7,9,11-pentaoxadodecanoic acid"
10668,53565,PFO5DoA,"Perfluoro-3,5,7,9,11-pentaoxadodecanoic acid"
10691,53565,PFO5DoA,"Perfluoro-3,5,7,9,11-pentaoxadodecanoic acid"
10714,53565,PFO5DoA,"Perfluoro-3,5,7,9,11-pentaoxadodecanoic acid"
10737,53565,PFO5DoA,"Perfluoro-3,5,7,9,11-pentaoxadodecanoic acid"
10760,53565,PFO5DoA,"Perfluoro-3,5,7,9,11-pentaoxadodecanoic acid"
10783,53565,PFO5DoA,"Perfluoro-3,5,7,9,11-pentaoxadodecanoic acid"
10806,53565,PFO5DoA,"Perfluoro-3,5,7,9,11-pentaoxadodecanoic acid"
10829,53565,PFO5DoA,"Perfluoro-3,5,7,9,11-pentaoxadodecanoic acid"
10852,53565,PFO5DoA,"Perfluoro-3,5,7,9,11-pentaoxadodecanoic acid"
10898,53565,PFO5DoA,"Perfluoro-3,5,7,9,11-pentaoxadodecanoic acid"
10192,53566,HydroEve,"2,2,3,3-Tetrafluoro-3-{[1,1,1,2,3,3-hexafluoro-3-(1,2,2,2-tetrafluoroethoxy)propan-2-yl]oxy}propanoic acid"
10215,53566,HydroEve,"2,2,3,3-Tetrafluoro-3-{[1,1,1,2,3,3-hexafluoro-3-(1,2,2,2-tetrafluoroethoxy)propan-2-yl]oxy}propanoic acid"
10238,53566,HydroEve,"2,2,3,3-Tetrafluoro-3-{[1,1,1,2,3,3-hexafluoro-3-(1,2,2,2-tetrafluoroethoxy)propan-2-yl]oxy}propanoic acid"
10261,53566,HydroEve,"2,2,3,3-Tetrafluoro-3-{[1,1,1,2,3,3-hexafluoro-3-(1,2,2,2-tetrafluoroethoxy)propan-2-yl]oxy}propanoic acid"
10284,53566,HydroEve,"2,2,3,3-Tetrafluoro-3-{[1,1,1,2,3,3-hexafluoro-3-(1,2,2,2-tetrafluoroethoxy)propan-2-yl]oxy}propanoic acid"
10307,53566,HydroEve,"2,2,3,3-Tetrafluoro-3-{[1,1,1,2,3,3-hexafluoro-3-(1,2,2,2-tetrafluoroethoxy)propan-2-yl]oxy}propanoic acid"
10330,53566,HydroEve,"2,2,3,3-Tetrafluoro-3-{[1,1,1,2,3,3-hexafluoro-3-(1,2,2,2-tetrafluoroethoxy)propan-2-yl]oxy}propanoic acid"
10353,53566,HydroEve,"2,2,3,3-Tetrafluoro-3-{[1,1,1,2,3,3-hexafluoro-3-(1,2,2,2-tetrafluoroethoxy)propan-2-yl]oxy}propanoic acid"
10376,53566,HydroEve,"2,2,3,3-Tetrafluoro-3-{[1,1,1,2,3,3-hexafluoro-3-(1,2,2,2-tetrafluoroethoxy)propan-2-yl]oxy}propanoic acid"
10399,53566,HydroEve,"2,2,3,3-Tetrafluoro-3-{[1,1,1,2,3,3-hexafluoro-3-(1,2,2,2-tetrafluoroethoxy)propan-2-yl]oxy}propanoic acid"
10422,53566,HydroEve,"2,2,3,3-Tetrafluoro-3-{[1,1,1,2,3,3-hexafluoro-3-(1,2,2,2-tetrafluoroethoxy)propan-2-yl]oxy}propanoic acid"
10445,53566,HydroEve,"2,2,3,3-Tetrafluoro-3-{[1,1,1,2,3,3-hexafluoro-3-(1,2,2,2-tetrafluoroethoxy)propan-2-yl]oxy}propanoic acid"
10468,53566,HydroEve,"2,2,3,3-Tetrafluoro-3-{[1,1,1,2,3,3-hexafluoro-3-(1,2,2,2-tetrafluoroethoxy)propan-2-yl]oxy}propanoic acid"
10491,53566,HydroEve,"2,2,3,3-Tetrafluoro-3-{[1,1,1,2,3,3-hexafluoro-3-(1,2,2,2-tetrafluoroethoxy)propan-2-yl]oxy}propanoic acid"
10514,53566,HydroEve,"2,2,3,3-Tetrafluoro-3-{[1,1,1,2,3,3-hexafluoro-3-(1,2,2,2-tetrafluoroethoxy)propan-2-yl]oxy}propanoic acid"
10537,53566,HydroEve,"2,2,3,3-Tetrafluoro-3-{[1,1,1,2,3,3-hexafluoro-3-(1,2,2,2-tetrafluoroethoxy)propan-2-yl]oxy}propanoic acid"
10560,53566,HydroEve,"2,2,3,3-Tetrafluoro-3-{[1,1,1,2,3,3-hexafluoro-3-(1,2,2,2-tetrafluoroethoxy)propan-2-yl]oxy}propanoic acid"
10583,53566,HydroEve,"2,2,3,3-Tetrafluoro-3-{[1,1,1,2,3,3-hexafluoro-3-(1,2,2,2-tetrafluoroethoxy)propan-2-yl]oxy}propanoic acid"
10606,53566,HydroEve,"2,2,3,3-Tetrafluoro-3-{[1,1,1,2,3,3-hexafluoro-3-(1,2,2,2-tetrafluoroethoxy)propan-2-yl]oxy}propanoic acid"
10629,53566,HydroEve,"2,2,3,3-Tetrafluoro-3-{[1,1,1,2,3,3-hexafluoro-3-(1,2,2,2-tetrafluoroethoxy)propan-2-yl]oxy}propanoic acid"
10652,53566,HydroEve,"2,2,3,3-Tetrafluoro-3-{[1,1,1,2,3,3-hexafluoro-3-(1,2,2,2-tetrafluoroethoxy)propan-2-yl]oxy}propanoic acid"
10675,53566,HydroEve,"2,2,3,3-Tetrafluoro-3-{[1,1,1,2,3,3-hexafluoro-3-(1,2,2,2-tetrafluoroethoxy)propan-2-yl]oxy}propanoic acid"
10698,53566,HydroEve,"2,2,3,3-Tetrafluoro-3-{[1,1,1,2,3,3-hexafluoro-3-(1,2,2,2-tetrafluoroethoxy)propan-2-yl]oxy}propanoic acid"
10721,53566,HydroEve,"2,2,3,3-Tetrafluoro-3-{[1,1,1,2,3,3-hexafluoro-3-(1,2,2,2-tetrafluoroethoxy)propan-2-yl]oxy}propanoic acid"
10744,53566,HydroEve,"2,2,3,3-Tetrafluoro-3-{[1,1,1,2,3,3-hexafluoro-3-(1,2,2,2-tetrafluoroethoxy)propan-2-yl]oxy}propanoic acid"
10767,53566,HydroEve,"2,2,3,3-Tetrafluoro-3-{[1,1,1,2,3,3-hexafluoro-3-(1,2,2,2-tetrafluoroethoxy)propan-2-yl]oxy}propanoic acid"
10790,53566,HydroEve,"2,2,3,3-Tetrafluoro-3-{[1,1,1,2,3,3-hexafluoro-3-(1,2,2,2-tetrafluoroethoxy)propan-2-yl]oxy}propanoic acid"
10813,53566,HydroEve,"2,2,3,3-Tetrafluoro-3-{[1,1,1,2,3,3-hexafluoro-3-(1,2,2,2-tetrafluoroethoxy)propan-2-yl]oxy}propanoic acid"
10836,53566,HydroEve,"2,2,3,3-Tetrafluoro-3-{[1,1,1,2,3,3-hexafluoro-3-(1,2,2,2-tetrafluoroethoxy)propan-2-yl]oxy}propanoic acid"
10882,53566,HydroEve,"2,2,3,3-Tetrafluoro-3-{[1,1,1,2,3,3-hexafluoro-3-(1,2,2,2-tetrafluoroethoxy)propan-2-yl]oxy}propanoic acid"
46099,53566,HydroEve,"2,2,3,3-Tetrafluoro-3-{[1,1,1,2,3,3-hexafluoro-3-(1,2,2,2-tetrafluoroethoxy)propan-2-yl]oxy}propanoic acid"
46518,53567,10:2 PFS,10:2 Fluorotelomer sulfonic acid
46185,53570,6:2 PFS,6:2 Fluorotelomer sulfonic acid
46276,53570,6:2 PFS,6:2 Fluorotelomer sulfonic acid
46305,53570,6:2 PFS,6:2 Fluorotelomer sulfonic acid
46470,53570,6:2 PFS,6:2 Fluorotelomer sulfonic acid
46474,53570,6:2 PFS,6:2 Fluorotelomer sulfonic acid
46511,53570,6:2 PFS,6:2 Fluorotelomer sulfonic acid
46546,53570,6:2 PFS,6:2 Fluorotelomer sulfonic acid
46723,53570,6:2 PFS,6:2 Fluorotelomer sulfonic acid
46768,53570,6:2 PFS,6:2 Fluorotelomer sulfonic acid
46618,53573,ADONA,"Dodecafluoro-3H-4,8-dioxanonanoic acid"
46301,53575,N-CMAmP-6:2FOSA (6:2 FTAB),"N-(carboxymethyl)-N,N-dimethyl-N-[3-(1H,1H,2H,2H-perfluoro-1-octanesulfonamido)propan-1-yl]ammonium"
46567,53575,N-CMAmP-6:2FOSA (6:2 FTAB),"N-(carboxymethyl)-N,N-dimethyl-N-[3-(1H,1H,2H,2H-perfluoro-1-octanesulfonamido)propan-1-yl]ammonium"
46724,53575,N-CMAmP-6:2FOSA (6:2 FTAB),"N-(carboxymethyl)-N,N-dimethyl-N-[3-(1H,1H,2H,2H-perfluoro-1-octanesulfonamido)propan-1-yl]ammonium"
46108,53579,PMPA,Perfluoro-2-methoxypropanoic acid
46122,53579,PMPA,Perfluoro-2-methoxypropanoic acid
46179,53579,PMPA,Perfluoro-2-methoxypropanoic acid
46188,53579,PMPA,Perfluoro-2-methoxypropanoic acid
46207,53579,PMPA,Perfluoro-2-methoxypropanoic acid
46233,53579,PMPA,Perfluoro-2-methoxypropanoic acid
46269,53579,PMPA,Perfluoro-2-methoxypropanoic acid
46311,53579,PMPA,Perfluoro-2-methoxypropanoic acid
46339,53579,PMPA,Perfluoro-2-methoxypropanoic acid
46373,53579,PMPA,Perfluoro-2-methoxypropanoic acid
46417,53579,PMPA,Perfluoro-2-methoxypropanoic acid
46544,53579,PMPA,Perfluoro-2-methoxypropanoic acid
46552,53579,PMPA,Perfluoro-2-methoxypropanoic acid
46603,53579,PMPA,Perfluoro-2-methoxypropanoic acid
46630,53579,PMPA,Perfluoro-2-methoxypropanoic acid
46639,53579,PMPA,Perfluoro-2-methoxypropanoic acid
46693,53579,PMPA,Perfluoro-2-methoxypropanoic acid
46701,53579,PMPA,Perfluoro-2-methoxypropanoic acid
46708,53579,PMPA,Perfluoro-2-methoxypropanoic acid
46716,53579,PMPA,Perfluoro-2-methoxypropanoic acid
46737,53579,PMPA,Perfluoro-2-methoxypropanoic acid
46796,53579,PMPA,Perfluoro-2-methoxypropanoic acid
46849,53579,PMPA,Perfluoro-2-methoxypropanoic acid
46876,53579,PMPA,Perfluoro-2-methoxypropanoic acid
46884,53579,PMPA,Perfluoro-2-methoxypropanoic acid
46891,53579,PMPA,Perfluoro-2-methoxypropanoic acid
46120,53580,PFBSA,Perfluorobutane sulfonamide
46210,53580,PFBSA,Perfluorobutane sulfonamide
46328,53580,PFBSA,Perfluorobutane sulfonamide
46336,53580,PFBSA,Perfluorobutane sulfonamide
46502,53580,PFBSA,Perfluorobutane sulfonamide
46532,53580,PFBSA,Perfluorobutane sulfonamide
46548,53580,PFBSA,Perfluorobutane sulfonamide
46554,53580,PFBSA,Perfluorobutane sulfonamide
46664,53580,PFBSA,Perfluorobutane sulfonamide
46728,53580,PFBSA,Perfluorobutane sulfonamide
46758,53580,PFBSA,Perfluorobutane sulfonamide
46182,53583,PFHpS,Perfluoroheptanesulfonic acid
46216,53583,PFHpS,Perfluoroheptanesulfonic acid
46501,53583,PFHpS,Perfluoroheptanesulfonic acid
46746,53583,PFHpS,Perfluoroheptanesulfonic acid
46503,53585,PFHxSA,Perfluorohexane sulfonamide
46757,53585,PFHxSA,Perfluorohexane sulfonamide
46102,53586,PFHxS,Perfluorohexanesulfonic acid
46114,53586,PFHxS,Perfluorohexanesulfonic acid
46135,53586,PFHxS,Perfluorohexanesulfonic acid
46178,53586,PFHxS,Perfluorohexanesulfonic acid
46196,53586,PFHxS,Perfluorohexanesulfonic acid
46213,53586,PFHxS,Perfluorohexanesulfonic acid
46227,53586,PFHxS,Perfluorohexanesulfonic acid
46256,53586,PFHxS,Perfluorohexanesulfonic acid
46262,53586,PFHxS,Perfluorohexanesulfonic acid
46312,53586,PFHxS,Perfluorohexanesulfonic acid
46334,53586,PFHxS,Perfluorohexanesulfonic acid
46344,53586,PFHxS,Perfluorohexanesulfonic acid
46351,53586,PFHxS,Perfluorohexanesulfonic acid
46390,53586,PFHxS,Perfluorohexanesulfonic acid
46423,53586,PFHxS,Perfluorohexanesulfonic acid
46430,53586,PFHxS,Perfluorohexanesulfonic acid
46448,53586,PFHxS,Perfluorohexanesulfonic acid
46455,53586,PFHxS,Perfluorohexanesulfonic acid
46479,53586,PFHxS,Perfluorohexanesulfonic acid
46490,53586,PFHxS,Perfluorohexanesulfonic acid
46500,53586,PFHxS,Perfluorohexanesulfonic acid
46533,53586,PFHxS,Perfluorohexanesulfonic acid
46545,53586,PFHxS,Perfluorohexanesulfonic acid
46566,53586,PFHxS,Perfluorohexanesulfonic acid
46609,53586,PFHxS,Perfluorohexanesulfonic acid
46614,53586,PFHxS,Perfluorohexanesulfonic acid
46648,53586,PFHxS,Perfluorohexanesulfonic acid
46674,53586,PFHxS,Perfluorohexanesulfonic acid
46688,53586,PFHxS,Perfluorohexanesulfonic acid
46703,53586,PFHxS,Perfluorohexanesulfonic acid
46721,53586,PFHxS,Perfluorohexanesulfonic acid
46739,53586,PFHxS,Perfluorohexanesulfonic acid
46744,53586,PFHxS,Perfluorohexanesulfonic acid
46759,53586,PFHxS,Perfluorohexanesulfonic acid
46767,53586,PFHxS,Perfluorohexanesulfonic acid
46769,53586,PFHxS,Perfluorohexanesulfonic acid
46775,53586,PFHxS,Perfluorohexanesulfonic acid
46780,53586,PFHxS,Perfluorohexanesulfonic acid
46790,53586,PFHxS,Perfluorohexanesulfonic acid
46828,53586,PFHxS,Perfluorohexanesulfonic acid
46835,53586,PFHxS,Perfluorohexanesulfonic acid
46841,53586,PFHxS,Perfluorohexanesulfonic acid
46859,53586,PFHxS,Perfluorohexanesulfonic acid
46869,53586,PFHxS,Perfluorohexanesulfonic acid
46877,53586,PFHxS,Perfluorohexanesulfonic acid
46881,53586,PFHxS,Perfluorohexanesulfonic acid
46903,53586,PFHxS,Perfluorohexanesulfonic acid
46885,53588,PFOSA,Perfluorooctane sulfonamide
46109,53589,PFPeS,Perfluoropentanesulfonic acid
46177,53589,PFPeS,Perfluoropentanesulfonic acid
46209,53589,PFPeS,Perfluoropentanesulfonic acid
46224,53589,PFPeS,Perfluoropentanesulfonic acid
46264,53589,PFPeS,Perfluoropentanesulfonic acid
46326,53589,PFPeS,Perfluoropentanesulfonic acid
46337,53589,PFPeS,Perfluoropentanesulfonic acid
46350,53589,PFPeS,Perfluoropentanesulfonic acid
46443,53589,PFPeS,Perfluoropentanesulfonic acid
46477,53589,PFPeS,Perfluoropentanesulfonic acid
46504,53589,PFPeS,Perfluoropentanesulfonic acid
46551,53589,PFPeS,Perfluoropentanesulfonic acid
46665,53589,PFPeS,Perfluoropentanesulfonic acid
46727,53589,PFPeS,Perfluoropentanesulfonic acid
46745,53589,PFPeS,Perfluoropentanesulfonic acid
46763,53589,PFPeS,Perfluoropentanesulfonic acid
46772,53589,PFPeS,Perfluoropentanesulfonic acid
46787,53589,PFPeS,Perfluoropentanesulfonic acid
46894,53589,PFPeS,Perfluoropentanesulfonic acid
46134,53592,PFUnDA,Perfluoroundecanoic acid
46142,53592,PFUnDA,Perfluoroundecanoic acid
46143,53592,PFUnDA,Perfluoroundecanoic acid
46147,53592,PFUnDA,Perfluoroundecanoic acid
46159,53592,PFUnDA,Perfluoroundecanoic acid
46226,53592,PFUnDA,Perfluoroundecanoic acid
46536,53592,PFUnDA,Perfluoroundecanoic acid
46730,53592,PFUnDA,Perfluoroundecanoic acid
46735,53592,PFUnDA,Perfluoroundecanoic acid
46783,53592,PFUnDA,Perfluoroundecanoic acid
46813,53592,PFUnDA,Perfluoroundecanoic acid
